First Name,Last Name,Gender,Age,Email,Education,Occupation,Experience (Years),Salary
Wilson,Morgan,Male,23,w.morgan@randatmail.com,Bachelor,Jeweller,10,157367
Roland,Payne,Male,23,r.payne@randatmail.com,Doctoral,Aeroplane Pilot,9,107517
Myra,Howard,Female,23,m.howard@randatmail.com,Master,Interior Designer,11,199965
Valeria,Douglas,Female,23,v.douglas@randatmail.com,Doctoral,Mechanic,11,115430
Melanie,Harper,Female,23,m.harper@randatmail.com,Doctoral,Economist,5,95705
Kimberly,Ryan,Female,23,k.ryan@randatmail.com,Bachelor,Producer,2,51653
Brooke,Watson,Female,23,b.watson@randatmail.com,Doctoral,Manager,2,130334
Dale,Evans,Male,23,d.evans@randatmail.com,Primary,Scientist,9,56221
Stella,Walker,Female,23,s.walker@randatmail.com,Master,Mechanic,5,138290
Alexia,Barrett,Female,23,a.barrett@randatmail.com,Upper secondary,Actor,8,129912
Paul,Martin,Male,23,p.martin@randatmail.com,Bachelor,Agronomist,1,72581
Naomi,Reed,Female,23,n.reed@randatmail.com,Lower secondary,Interpreter,3,66994
Dominik,Tucker,Male,23,d.tucker@randatmail.com,Master,Hairdresser,0,148169
Daniel,Hawkins,Male,23,d.hawkins@randatmail.com,Master,Fashion Designer,6,32896
Jenna,Perry,Female,23,j.perry@randatmail.com,Bachelor,Auditor,6,94271
Florrie,Chapman,Female,23,f.chapman@randatmail.com,Upper secondary,Architect,4,66780
Julia,Carroll,Female,23,j.carroll@randatmail.com,Upper secondary,Architect,9,182259
Jared,Stewart,Male,23,j.stewart@randatmail.com,Upper secondary,Baker,11,136962
Audrey,Bailey,Female,23,a.bailey@randatmail.com,Upper secondary,Accountant,6,113610
Maya,Morrison,Female,23,m.morrison@randatmail.com,Bachelor,Physicist,9,166302
Adison,Andrews,Male,23,a.andrews@randatmail.com,Primary,Teacher,9,83087
Justin,Anderson,Male,23,j.anderson@randatmail.com,Primary,Mathematician,9,141417
Walter,Montgomery,Male,23,w.montgomery@randatmail.com,Lower secondary,Aeroplane Pilot,3,68016
Penelope,Hall,Female,23,p.hall@randatmail.com,Lower secondary,Medic,9,175132
Brianna,Walker,Female,23,b.walker@randatmail.com,Bachelor,Economist,5,86729
Max,Wells,Male,23,m.wells@randatmail.com,Primary,Teacher,4,109420
Valeria,Elliott,Female,23,v.elliott@randatmail.com,Bachelor,Auditor,6,51044
Adrian,Brooks,Male,23,a.brooks@randatmail.com,Upper secondary,Baker,2,148229
Daisy,Edwards,Female,23,d.edwards@randatmail.com,Master,Engineer,6,84648
Sarah,Williams,Female,23,s.williams@randatmail.com,Doctoral,Driver,7,65811
Alan,Armstrong,Male,23,a.armstrong@randatmail.com,Primary,Photographer,1,173170
Paul,Johnson,Male,23,p.johnson@randatmail.com,Upper secondary,Interior Designer,7,55719
Paul,Farrell,Male,23,p.farrell@randatmail.com,Primary,Medic,2,184795
Camila,Farrell,Female,23,c.farrell@randatmail.com,Bachelor,Insurer,9,37010
Amy,Thomas,Female,23,a.thomas@randatmail.com,Upper secondary,Engineer,2,89893
Tiana,Smith,Female,23,t.smith@randatmail.com,Upper secondary,Teacher,9,175258
Antony,Craig,Male,23,a.craig@randatmail.com,Primary,Astronomer,11,168479
Edith,Phillips,Female,23,e.phillips@randatmail.com,Primary,Accountant,8,49143
Briony,Murphy,Female,23,b.murphy@randatmail.com,Doctoral,Chemist,7,157208
Daisy,Watson,Female,23,d.watson@randatmail.com,Upper secondary,Firefighter,7,174839
Alexia,Allen,Female,23,a.allen@randatmail.com,Master,Aeroplane Pilot,11,154992
Luke,Rogers,Male,23,l.rogers@randatmail.com,Master,Graphic Designer,8,142156
Patrick,Armstrong,Male,23,p.armstrong@randatmail.com,Primary,Actor,3,164476
Tiana,Hunt,Female,23,t.hunt@randatmail.com,Upper secondary,Driver,9,55100
Grace,Turner,Female,23,g.turner@randatmail.com,Upper secondary,Interpreter,1,63837
Connie,Turner,Female,23,c.turner@randatmail.com,Doctoral,Interior Designer,6,153304
Agata,Russell,Female,23,a.russell@randatmail.com,Master,Chef,2,162522
Deanna,Mitchell,Female,23,d.mitchell@randatmail.com,Lower secondary,Veterinarian,5,65368
Anna,Perkins,Female,23,a.perkins@randatmail.com,Doctoral,Astronomer,8,195127
Samantha,Ellis,Female,23,s.ellis@randatmail.com,Lower secondary,Teacher,4,174183
Amanda,Andrews,Female,23,a.andrews@randatmail.com,Master,Jeweller,6,87556
Rafael,Henderson,Male,23,r.henderson@randatmail.com,Doctoral,Baker,1,82413
Oliver,Howard,Male,23,o.howard@randatmail.com,Doctoral,Police Officer,3,162620
Oliver,Cole,Male,23,o.cole@randatmail.com,Upper secondary,Social Worker,10,183550
Aiden,Cunningham,Male,23,a.cunningham@randatmail.com,Upper secondary,Geologist,7,153685
Haris,Holmes,Male,23,h.holmes@randatmail.com,Doctoral,Physicist,0,119660
Leonardo,Morgan,Male,23,l.morgan@randatmail.com,Master,Producer,0,186721
Alberta,Allen,Female,23,a.allen@randatmail.com,Master,Salesman,11,158214
Harold,Crawford,Male,23,h.crawford@randatmail.com,Doctoral,Producer,1,95050
Eleanor,Harrison,Female,23,e.harrison@randatmail.com,Upper secondary,Singer,4,124257
Michael,Sullivan,Male,23,m.sullivan@randatmail.com,Master,Carpenter,11,40994
Madaline,Gibson,Female,23,m.gibson@randatmail.com,Upper secondary,Florist,2,68765
Violet,Allen,Female,23,v.allen@randatmail.com,Lower secondary,Programmer,6,125391
Cherry,Wells,Female,23,c.wells@randatmail.com,Bachelor,Medic,1,190503
Samantha,Nelson,Female,23,s.nelson@randatmail.com,Master,Veterinarian,9,34172
Wilson,Morrison,Male,23,w.morrison@randatmail.com,Upper secondary,Mechanic,1,199806
Chelsea,Carroll,Female,23,c.carroll@randatmail.com,Master,Firefighter,9,105801
Dale,Hamilton,Male,23,d.hamilton@randatmail.com,Master,Graphic Designer,10,90402
Lilianna,Spencer,Female,23,l.spencer@randatmail.com,Primary,Hairdresser,10,152896
Alfred,Bennett,Male,23,a.bennett@randatmail.com,Upper secondary,Graphic Designer,2,37718
