"First Name","Last Name","Gender","Age","Email","Education","Occupation","Experience (Years)","Salary"
"Luke","Foster","Male","27","l.foster@randatmail.com","Primary","Actor","3","124352"
"Jessica","Richards","Female","27","j.richards@randatmail.com","Master","Florist","4","128902"
"Ashton","Stewart","Male","20","a.stewart@randatmail.com","Master","Interpreter","4","131900"
"Jasmine","Thompson","Female","19","j.thompson@randatmail.com","Primary","Photographer","4","119569"
"Jessica","Wright","Female","24","j.wright@randatmail.com","Primary","Architect","12","64765"
"Ada","Casey","Female","21","a.casey@randatmail.com","Upper secondary","Fine Artist","0","37365"
"Max","Davis","Male","29","m.davis@randatmail.com","Master","Producer","7","134191"
"John","Riley","Male","18","j.riley@randatmail.com","Master","Graphic Designer","8","83287"
"Adison","Williams","Male","27","a.williams@randatmail.com","Master","Florist","1","139197"
"Leonardo","Montgomery","Male","26","l.montgomery@randatmail.com","Lower secondary","Photographer","1","39876"
"Adam","Wells","Male","25","a.wells@randatmail.com","Upper secondary","Astronomer","5","51069"
"Ned","Walker","Male","19","n.walker@randatmail.com","Master","Aeroplane Pilot","1","83504"
"John","Hawkins","Male","25","j.hawkins@randatmail.com","Lower secondary","Historian","7","54614"
"David","Andrews","Male","29","d.andrews@randatmail.com","Primary","Carpenter","0","40859"
"Spike","Martin","Male","19","s.martin@randatmail.com","Master","Architect","5","121352"
"Martin","Warren","Male","20","m.warren@randatmail.com","Master","Hairdresser","4","129061"
"Miley","Harris","Female","21","m.harris@randatmail.com","Doctoral","Manager","3","182892"
"Alissa","Douglas","Female","29","a.douglas@randatmail.com","Bachelor","Lawer","6","174354"
"Lucy","Chapman","Female","28","l.chapman@randatmail.com","Primary","Florist","1","156221"
"Sawyer","Bennett","Male","22","s.bennett@randatmail.com","Master","Physicist","9","60975"
"Rebecca","Wells","Female","28","r.wells@randatmail.com","Doctoral","Astronomer","8","104285"
"Cadie","Hamilton","Female","27","c.hamilton@randatmail.com","Primary","Graphic Designer","12","83247"
"Nicole","Hawkins","Female","26","n.hawkins@randatmail.com","Primary","Engineer","9","55407"
"Arnold","Turner","Male","29","a.turner@randatmail.com","Primary","Firefighter","13","59016"
"Roland","Nelson","Male","21","r.nelson@randatmail.com","Primary","Fashion Designer","8","50811"
"Roland","Owens","Male","26","r.owens@randatmail.com","Bachelor","Florist","0","66934"
"Albert","Elliott","Male","24","a.elliott@randatmail.com","Doctoral","Physicist","8","96079"
"Garry","Edwards","Male","24","g.edwards@randatmail.com","Upper secondary","Police Officer","10","189780"
"Ned","Carter","Male","18","n.carter@randatmail.com","Lower secondary","Auditor","4","92469"
"Daisy","Andrews","Female","21","d.andrews@randatmail.com","Lower secondary","Medic","4","34589"
"Catherine","Ross","Female","26","c.ross@randatmail.com","Primary","Electrician","8","171328"
"Wilson","Morgan","Male","23","w.morgan@randatmail.com","Bachelor","Jeweller","10","157367"
"Eleanor","Farrell","Female","21","e.farrell@randatmail.com","Primary","Archeologist","4","69903"
"Preston","Ross","Male","29","p.ross@randatmail.com","Doctoral","Manager","14","130789"
"Maria","Elliott","Female","19","m.elliott@randatmail.com","Primary","Dancer","2","98269"
"Roland","Payne","Male","23","r.payne@randatmail.com","Doctoral","Aeroplane Pilot","9","107517"
"Evelyn","Carter","Female","21","e.carter@randatmail.com","Upper secondary","Lecturer","9","102415"
"Ryan","Warren","Male","29","r.warren@randatmail.com","Lower secondary","Insurer","14","31403"
"Sarah","Foster","Female","28","s.foster@randatmail.com","Master","Driver","7","46523"
"Preston","Rogers","Male","18","p.rogers@randatmail.com","Upper secondary","Graphic Designer","0","71275"
"Sienna","Phillips","Female","28","s.phillips@randatmail.com","Lower secondary","Meteorologist","6","41495"
"Rosie","Watson","Female","22","r.watson@randatmail.com","Upper secondary","Interpreter","8","172813"
"Adele","Edwards","Female","18","a.edwards@randatmail.com","Upper secondary","Architect","9","127092"
"Myra","Howard","Female","23","m.howard@randatmail.com","Master","Interior Designer","11","199965"
"Valeria","Douglas","Female","23","v.douglas@randatmail.com","Doctoral","Mechanic","11","115430"
"Maria","Harrison","Female","24","m.harrison@randatmail.com","Master","Salesman","1","138233"
"Amy","Harris","Female","28","a.harris@randatmail.com","Primary","Hairdresser","14","195557"
"Steven","Elliott","Male","18","s.elliott@randatmail.com","Master","Electrician","6","87722"
"Jacob","Harris","Male","26","j.harris@randatmail.com","Master","Jeweller","3","57665"
"Lenny","Robinson","Male","30","l.robinson@randatmail.com","Primary","Insurer","9","71415"
"Rafael","Bailey","Male","20","r.bailey@randatmail.com","Bachelor","Social Worker","3","193560"
"Amber","Dixon","Female","20","a.dixon@randatmail.com","Upper secondary","Interior Designer","7","138158"
"Max","Wilson","Male","29","m.wilson@randatmail.com","Lower secondary","Archeologist","5","91013"
"Frederick","Kelly","Male","19","f.kelly@randatmail.com","Primary","Baker","4","151914"
"Roland","Murray","Male","30","r.murray@randatmail.com","Master","Teacher","7","90436"
"Melanie","Harper","Female","23","m.harper@randatmail.com","Doctoral","Economist","5","95705"
"Daisy","Richards","Female","30","d.richards@randatmail.com","Primary","Botanist","3","83493"
"Thomas","Parker","Male","20","t.parker@randatmail.com","Lower secondary","Singer","0","71131"
"Ellia","Watson","Female","29","e.watson@randatmail.com","Lower secondary","Salesman","14","186400"
"George","Ross","Male","25","g.ross@randatmail.com","Upper secondary","Manager","11","78961"
"Roland","Parker","Male","19","r.parker@randatmail.com","Lower secondary","Fashion Designer","7","143578"
"Kimberly","Ryan","Female","23","k.ryan@randatmail.com","Bachelor","Producer","2","51653"
"Tyler","Higgins","Male","20","t.higgins@randatmail.com","Upper secondary","Producer","3","77431"
"Abigail","Cole","Female","24","a.cole@randatmail.com","Doctoral","Lawer","8","139090"
"Kevin","Spencer","Male","25","k.spencer@randatmail.com","Primary","Manager","8","141768"
"Myra","Elliott","Female","22","m.elliott@randatmail.com","Master","Producer","1","170169"
"Fenton","Cunningham","Male","25","f.cunningham@randatmail.com","Lower secondary","Biochemist","1","162897"
"Alina","Allen","Female","26","a.allen@randatmail.com","Bachelor","Teacher","8","176722"
"Michelle","Smith","Female","25","m.smith@randatmail.com","Master","Pharmacist","5","160972"
"Valeria","Henderson","Female","30","v.henderson@randatmail.com","Lower secondary","Geologist","4","193267"
"Brooke","Cunningham","Female","18","b.cunningham@randatmail.com","Primary","Aeroplane Pilot","1","141115"
"Brianna","Murphy","Female","19","b.murphy@randatmail.com","Master","Auditor","0","120503"
"Sarah","Johnson","Female","30","s.johnson@randatmail.com","Primary","Interpreter","3","43042"
"Maya","Edwards","Female","28","m.edwards@randatmail.com","Master","Veterinarian","1","193423"
"Camila","Clark","Female","28","c.clark@randatmail.com","Primary","Chemist","2","153013"
"Edward","Jones","Male","21","e.jones@randatmail.com","Bachelor","Driver","0","116294"
"Byron","Harper","Male","21","b.harper@randatmail.com","Primary","Astronomer","5","100593"
"Lana","Russell","Female","29","l.russell@randatmail.com","Bachelor","Jeweller","7","140745"
"Honey","Chapman","Female","18","h.chapman@randatmail.com","Doctoral","Auditor","7","178377"
"Tess","Hamilton","Female","19","t.hamilton@randatmail.com","Primary","Teacher","4","96482"
"Darcy","Moore","Female","30","d.moore@randatmail.com","Upper secondary","Agronomist","14","167402"
"Tess","Andrews","Female","29","t.andrews@randatmail.com","Bachelor","Auditor","6","49543"
"Jessica","Wilson","Female","27","j.wilson@randatmail.com","Bachelor","Fine Artist","10","58088"
"Brooke","Henderson","Female","26","b.henderson@randatmail.com","Lower secondary","Social Worker","5","162539"
"Jessica","Murray","Female","22","j.murray@randatmail.com","Lower secondary","Engineer","8","77207"
"Elian","Miller","Male","18","e.miller@randatmail.com","Primary","Graphic Designer","1","122484"
"Aida","Higgins","Female","26","a.higgins@randatmail.com","Doctoral","Scientist","7","59568"
"Preston","Robinson","Male","20","p.robinson@randatmail.com","Bachelor","Botanist","7","195992"
"Aiden","Bennett","Male","18","a.bennett@randatmail.com","Doctoral","Hairdresser","5","104333"
"Brooke","Watson","Female","23","b.watson@randatmail.com","Doctoral","Manager","2","130334"
"Alfred","Montgomery","Male","25","a.montgomery@randatmail.com","Primary","Electrician","12","87212"
"Belinda","Ryan","Female","21","b.ryan@randatmail.com","Primary","Fashion Designer","8","60283"
"Eddy","Armstrong","Male","24","e.armstrong@randatmail.com","Upper secondary","Fashion Designer","0","126341"
"Vanessa","Evans","Female","22","v.evans@randatmail.com","Primary","Lawer","1","188965"
"Jordan","Harris","Male","30","j.harris@randatmail.com","Lower secondary","Florist","4","92968"
"James","Wilson","Male","26","j.wilson@randatmail.com","Primary","Graphic Designer","11","145476"
"Miller","Casey","Male","27","m.casey@randatmail.com","Primary","Hairdresser","12","149629"
"Vanessa","Crawford","Female","27","v.crawford@randatmail.com","Primary","Baker","10","197287"
"Adam","Jones","Male","24","a.jones@randatmail.com","Master","Aeroplane Pilot","10","157102"
"Antony","Fowler","Male","20","a.fowler@randatmail.com","Primary","Interior Designer","7","145029"
"Chloe","Thomas","Female","20","c.thomas@randatmail.com","Master","Biochemist","7","45846"
"Lucia","Grant","Female","30","l.grant@randatmail.com","Master","Carpenter","10","187703"
"Robert","Cooper","Male","18","r.cooper@randatmail.com","Upper secondary","Singer","1","90905"
"Lenny","Payne","Male","18","l.payne@randatmail.com","Bachelor","Jeweller","5","114358"
"Sydney","Hall","Female","25","s.hall@randatmail.com","Bachelor","Interpreter","4","138547"
"Sydney","Harris","Female","21","s.harris@randatmail.com","Master","Insurer","1","103463"
"Anna","Walker","Female","24","a.walker@randatmail.com","Doctoral","Chef","12","32519"
"Eric","Watson","Male","26","e.watson@randatmail.com","Primary","Pharmacist","9","121826"
"Dale","Evans","Male","23","d.evans@randatmail.com","Primary","Scientist","9","56221"
"Sawyer","Adams","Male","21","s.adams@randatmail.com","Master","Baker","3","73797"
"Stella","Walker","Female","23","s.walker@randatmail.com","Master","Mechanic","5","138290"
"Maximilian","Harris","Male","20","m.harris@randatmail.com","Doctoral","Veterinarian","7","92205"
"Alan","Hall","Male","25","a.hall@randatmail.com","Primary","Police Officer","1","111275"
"Charlie","Crawford","Male","29","c.crawford@randatmail.com","Bachelor","Driver","0","104085"
"Alexia","Barrett","Female","23","a.barrett@randatmail.com","Upper secondary","Actor","8","129912"
"Kellan","Crawford","Male","26","k.crawford@randatmail.com","Bachelor","Firefighter","1","36225"
"Eleanor","Wilson","Female","30","e.wilson@randatmail.com","Upper secondary","Salesman","0","86785"
"Cadie","Tucker","Female","20","c.tucker@randatmail.com","Doctoral","Lecturer","0","109098"
"Camila","Stewart","Female","25","c.stewart@randatmail.com","Primary","Archeologist","11","170389"
"Garry","Barnes","Male","18","g.barnes@randatmail.com","Doctoral","Dancer","6","105344"
"Miley","Bennett","Female","18","m.bennett@randatmail.com","Bachelor","Baker","3","133486"
"Nicole","Foster","Female","22","n.foster@randatmail.com","Upper secondary","Graphic Designer","5","36247"
"Kelvin","Wright","Male","21","k.wright@randatmail.com","Doctoral","Veterinarian","5","158481"
"Frederick","Parker","Male","30","f.parker@randatmail.com","Lower secondary","Mathematician","4","127883"
"Adele","Campbell","Female","24","a.campbell@randatmail.com","Primary","Economist","8","170690"
"Walter","Ross","Male","26","w.ross@randatmail.com","Master","Mechanic","7","193588"
"Henry","Douglas","Male","20","h.douglas@randatmail.com","Master","Jeweller","8","187649"
"Alan","Clark","Male","30","a.clark@randatmail.com","Doctoral","Insurer","3","131249"
"Paul","Martin","Male","23","p.martin@randatmail.com","Bachelor","Agronomist","1","72581"
"Florrie","Harris","Female","21","f.harris@randatmail.com","Lower secondary","Baker","1","36322"
"Arthur","Farrell","Male","24","a.farrell@randatmail.com","Primary","Firefighter","5","165100"
"Miller","Montgomery","Male","29","m.montgomery@randatmail.com","Upper secondary","Salesman","12","198685"
"Amelia","Mason","Female","25","a.mason@randatmail.com","Bachelor","Agronomist","5","198176"
"Edward","Cooper","Male","26","e.cooper@randatmail.com","Upper secondary","Medic","8","141731"
"Henry","Montgomery","Male","20","h.montgomery@randatmail.com","Lower secondary","Firefighter","8","166427"
"Kelsey","Ryan","Female","29","k.ryan@randatmail.com","Primary","Social Worker","11","66781"
"Carlos","Douglas","Male","30","c.douglas@randatmail.com","Lower secondary","Botanist","5","122699"
"Fiona","Chapman","Female","26","f.chapman@randatmail.com","Lower secondary","Manager","12","51451"
"Edith","Mitchell","Female","27","e.mitchell@randatmail.com","Doctoral","Florist","0","50466"
"Madaline","Nelson","Female","25","m.nelson@randatmail.com","Master","Biochemist","8","48059"
"Antony","Riley","Male","26","a.riley@randatmail.com","Doctoral","Florist","2","125106"
"Alisa","Farrell","Female","29","a.farrell@randatmail.com","Upper secondary","Dancer","10","115052"
"Nicole","Armstrong","Female","19","n.armstrong@randatmail.com","Lower secondary","Aeroplane Pilot","4","180112"
"Kirsten","Higgins","Female","30","k.higgins@randatmail.com","Upper secondary","Hairdresser","2","93270"
"Miley","Morrison","Female","25","m.morrison@randatmail.com","Upper secondary","Electrician","9","154458"
"Oscar","Murphy","Male","28","o.murphy@randatmail.com","Master","Fashion Designer","11","196912"
"Spike","Thompson","Male","25","s.thompson@randatmail.com","Primary","Journalist","7","173044"
"Sabrina","Roberts","Female","25","s.roberts@randatmail.com","Lower secondary","Agronomist","1","127589"
"Deanna","Morgan","Female","25","d.morgan@randatmail.com","Doctoral","Fine Artist","8","36890"
"Luke","Davis","Male","27","l.davis@randatmail.com","Master","Engineer","3","112124"
"Violet","Warren","Female","18","v.warren@randatmail.com","Upper secondary","Meteorologist","8","197349"
"Elian","Thomas","Male","24","e.thomas@randatmail.com","Upper secondary","Hairdresser","3","31715"
"Savana","Spencer","Female","30","s.spencer@randatmail.com","Master","Producer","12","57534"
"Jenna","Johnston","Female","22","j.johnston@randatmail.com","Bachelor","Photographer","1","175809"
"Maximilian","Baker","Male","25","m.baker@randatmail.com","Master","Actor","0","96375"
"Andrew","Wells","Male","25","a.wells@randatmail.com","Upper secondary","Programmer","6","38931"
"Alexia","Mitchell","Female","26","a.mitchell@randatmail.com","Upper secondary","Geologist","3","83914"
"Blake","Hunt","Male","24","b.hunt@randatmail.com","Primary","Insurer","1","54105"
"Roman","Cole","Male","29","r.cole@randatmail.com","Primary","Jeweller","11","134461"
"Miller","Richards","Male","18","m.richards@randatmail.com","Upper secondary","Composer","3","109022"
"Violet","Evans","Female","26","v.evans@randatmail.com","Master","Firefighter","2","126509"
"James","Warren","Male","29","j.warren@randatmail.com","Bachelor","Scientist","2","99190"
"Ryan","Fowler","Male","22","r.fowler@randatmail.com","Upper secondary","Producer","5","116582"
"Kellan","Sullivan","Male","25","k.sullivan@randatmail.com","Master","Firefighter","2","89109"
"Gianna","Reed","Female","27","g.reed@randatmail.com","Upper secondary","Firefighter","11","177425"
"Dexter","Johnston","Male","22","d.johnston@randatmail.com","Upper secondary","Accountant","4","102492"
"Naomi","Reed","Female","23","n.reed@randatmail.com","Lower secondary","Interpreter","3","66994"
"Aiden","Edwards","Male","21","a.edwards@randatmail.com","Upper secondary","Mathematician","4","164988"
"Audrey","Holmes","Female","25","a.holmes@randatmail.com","Upper secondary","Carpenter","5","63006"
"Annabella","Foster","Female","30","a.foster@randatmail.com","Master","Teacher","13","176114"
"Lily","Myers","Female","20","l.myers@randatmail.com","Bachelor","Social Worker","10","35127"
"Naomi","Hill","Female","28","n.hill@randatmail.com","Doctoral","Salesman","7","103405"
"Antony","Holmes","Male","28","a.holmes@randatmail.com","Doctoral","Programmer","1","102371"
"Samantha","Williams","Female","25","s.williams@randatmail.com","Master","Pharmacist","10","174034"
"Jordan","Russell","Male","29","j.russell@randatmail.com","Lower secondary","Programmer","12","166360"
"Fenton","Kelly","Male","26","f.kelly@randatmail.com","Lower secondary","Biochemist","4","69343"
"Steven","Wright","Male","29","s.wright@randatmail.com","Doctoral","Physicist","9","97220"
"Evelyn","Richards","Female","19","e.richards@randatmail.com","Master","Firefighter","2","145277"
"Ted","Kelley","Male","26","t.kelley@randatmail.com","Master","Photographer","7","60488"
"Alissa","Dixon","Female","25","a.dixon@randatmail.com","Upper secondary","Jeweller","10","96823"
"Aldus","Barrett","Male","19","a.barrett@randatmail.com","Upper secondary","Programmer","4","103035"
"Alen","Foster","Male","20","a.foster@randatmail.com","Upper secondary","Mathematician","2","129677"
"Alberta","Cameron","Female","30","a.cameron@randatmail.com","Lower secondary","Baker","13","39294"
"Deanna","Lloyd","Female","25","d.lloyd@randatmail.com","Upper secondary","Journalist","10","187363"
"Adrianna","Ross","Female","25","a.ross@randatmail.com","Master","Medic","0","198739"
"Samantha","Cole","Female","29","s.cole@randatmail.com","Lower secondary","Composer","9","83234"
"Freddie","Williams","Male","29","f.williams@randatmail.com","Lower secondary","Agronomist","6","89006"
"Dominik","Tucker","Male","23","d.tucker@randatmail.com","Master","Hairdresser","0","148169"
"Oscar","Perkins","Male","27","o.perkins@randatmail.com","Doctoral","Graphic Designer","6","189189"
"Rubie","Warren","Female","24","r.warren@randatmail.com","Lower secondary","Chef","3","34855"
"Sawyer","Foster","Male","26","s.foster@randatmail.com","Bachelor","Interior Designer","13","80018"
"Tony","Wright","Male","19","t.wright@randatmail.com","Upper secondary","Botanist","6","130917"
"Lyndon","Thompson","Male","25","l.thompson@randatmail.com","Bachelor","Historian","11","192178"
"Emma","Morris","Female","28","e.morris@randatmail.com","Master","Baker","9","191763"
"Myra","Morgan","Female","18","m.morgan@randatmail.com","Master","Economist","4","75322"
"Abraham","Brown","Male","30","a.brown@randatmail.com","Primary","Dancer","13","93779"
"Roland","Murphy","Male","30","r.murphy@randatmail.com","Primary","Architect","9","105827"
"Tyler","Riley","Male","22","t.riley@randatmail.com","Primary","Pharmacist","1","195245"
"Dainton","Adams","Male","20","d.adams@randatmail.com","Doctoral","Programmer","4","150613"
"Alisa","Hill","Female","24","a.hill@randatmail.com","Doctoral","Medic","1","42945"
"Dale","Lloyd","Male","21","d.lloyd@randatmail.com","Master","Astronomer","5","184352"
"Lucas","Payne","Male","26","l.payne@randatmail.com","Bachelor","Electrician","5","124854"
"Miley","Wilson","Female","22","m.wilson@randatmail.com","Upper secondary","Agronomist","9","198643"
"Brooke","Armstrong","Female","25","b.armstrong@randatmail.com","Master","Archeologist","4","140828"
"James","Ross","Male","25","j.ross@randatmail.com","Doctoral","Mechanic","7","69674"
"William","Andrews","Male","29","w.andrews@randatmail.com","Upper secondary","Accountant","13","50736"
"Daniel","Hawkins","Male","23","d.hawkins@randatmail.com","Master","Fashion Designer","6","32896"
"Jenna","Perry","Female","23","j.perry@randatmail.com","Bachelor","Auditor","6","94271"
"Owen","Smith","Male","24","o.smith@randatmail.com","Bachelor","Astronomer","9","56253"
"Harold","Cooper","Male","28","h.cooper@randatmail.com","Lower secondary","Baker","4","65928"
"Savana","Kelly","Female","22","s.kelly@randatmail.com","Primary","Auditor","10","65876"
"Brooke","Phillips","Female","25","b.phillips@randatmail.com","Bachelor","Agronomist","9","162194"
"Olivia","Hawkins","Female","22","o.hawkins@randatmail.com","Master","Physicist","4","181650"
"Maria","Bailey","Female","30","m.bailey@randatmail.com","Upper secondary","Graphic Designer","10","197976"
"Arianna","Watson","Female","30","a.watson@randatmail.com","Doctoral","Dancer","11","42216"
"Savana","Miller","Female","20","s.miller@randatmail.com","Bachelor","Police Officer","3","92658"
"Florrie","Chapman","Female","23","f.chapman@randatmail.com","Upper secondary","Architect","4","66780"
"Brad","Dixon","Male","30","b.dixon@randatmail.com","Primary","Economist","2","82167"
"Victoria","Lloyd","Female","27","v.lloyd@randatmail.com","Bachelor","Jeweller","2","145209"
"Maria","Craig","Female","28","m.craig@randatmail.com","Lower secondary","Electrician","4","174587"
"Tony","Phillips","Male","18","t.phillips@randatmail.com","Master","Meteorologist","3","186353"
"Roland","Stewart","Male","26","r.stewart@randatmail.com","Primary","Economist","0","128348"
"Roland","Davis","Male","25","r.davis@randatmail.com","Doctoral","Physicist","2","167855"
"Sofia","Nelson","Female","19","s.nelson@randatmail.com","Master","Architect","8","76227"
"Alexander","Hunt","Male","22","a.hunt@randatmail.com","Doctoral","Lecturer","6","128318"
"Olivia","Cole","Female","27","o.cole@randatmail.com","Upper secondary","Salesman","5","69003"
"Brooke","Owens","Female","26","b.owens@randatmail.com","Primary","Teacher","8","68811"
"Daisy","Warren","Female","21","d.warren@randatmail.com","Master","Physicist","7","99499"
"Julia","Carroll","Female","23","j.carroll@randatmail.com","Upper secondary","Architect","9","182259"
"Clark","Ross","Male","29","c.ross@randatmail.com","Doctoral","Pharmacist","0","117780"
"Ada","Morrison","Female","21","a.morrison@randatmail.com","Doctoral","Lawer","1","199620"
"Ryan","Hall","Male","20","r.hall@randatmail.com","Lower secondary","Driver","7","142890"
"Naomi","Mason","Female","30","n.mason@randatmail.com","Doctoral","Pharmacist","7","141838"
"Alina","Thomas","Female","22","a.thomas@randatmail.com","Primary","Hairdresser","1","153336"
"Harold","Harris","Male","19","h.harris@randatmail.com","Lower secondary","Photographer","8","35279"
"Jared","Stewart","Male","23","j.stewart@randatmail.com","Upper secondary","Baker","11","136962"
"Ted","Richards","Male","22","t.richards@randatmail.com","Upper secondary","Hairdresser","5","33161"
"Brooke","Murphy","Female","22","b.murphy@randatmail.com","Lower secondary","Scientist","11","148829"
"Julia","Morgan","Female","18","j.morgan@randatmail.com","Lower secondary","Botanist","1","107171"
"Leonardo","Roberts","Male","22","l.roberts@randatmail.com","Upper secondary","Engineer","1","154897"
"Amanda","Evans","Female","26","a.evans@randatmail.com","Doctoral","Agronomist","12","105853"
"Adrian","Harper","Male","18","a.harper@randatmail.com","Bachelor","Engineer","2","96590"
"Frederick","Clark","Male","22","f.clark@randatmail.com","Doctoral","Carpenter","5","151877"
"Mike","Ryan","Male","18","m.ryan@randatmail.com","Bachelor","Baker","9","185787"
"Victoria","Edwards","Female","24","v.edwards@randatmail.com","Doctoral","Architect","8","168023"
"Eddy","Casey","Male","29","e.casey@randatmail.com","Upper secondary","Singer","1","156386"
"Oliver","Tucker","Male","18","o.tucker@randatmail.com","Upper secondary","Interior Designer","8","112690"
"Kate","Adams","Female","30","k.adams@randatmail.com","Doctoral","Jeweller","13","195921"
"Sarah","Thompson","Female","22","s.thompson@randatmail.com","Primary","Agronomist","10","187362"
"Mary","Johnston","Female","21","m.johnston@randatmail.com","Bachelor","Florist","3","191709"
"Myra","Nelson","Female","26","m.nelson@randatmail.com","Upper secondary","Composer","11","69410"
"Abigail","Bennett","Female","24","a.bennett@randatmail.com","Bachelor","Electrician","3","143613"
"Dainton","West","Male","26","d.west@randatmail.com","Doctoral","Lecturer","8","155324"
"Audrey","Bailey","Female","23","a.bailey@randatmail.com","Upper secondary","Accountant","6","113610"
"Lana","Montgomery","Female","26","l.montgomery@randatmail.com","Doctoral","Aeroplane Pilot","7","107100"
"Adam","Bailey","Male","26","a.bailey@randatmail.com","Lower secondary","Interpreter","13","139950"
"Albert","Chapman","Male","25","a.chapman@randatmail.com","Primary","Graphic Designer","1","66666"
"Lyndon","Martin","Male","29","l.martin@randatmail.com","Primary","Carpenter","5","186866"
"Maya","Morrison","Female","23","m.morrison@randatmail.com","Bachelor","Physicist","9","166302"
"Wilson","Hill","Male","20","w.hill@randatmail.com","Doctoral","Firefighter","2","32696"
"Darcy","Myers","Female","28","d.myers@randatmail.com","Upper secondary","Medic","1","151055"
"Tony","Roberts","Male","18","t.roberts@randatmail.com","Primary","Jeweller","3","156465"
"Adison","Andrews","Male","23","a.andrews@randatmail.com","Primary","Teacher","9","83087"
"Savana","Bennett","Female","18","s.bennett@randatmail.com","Doctoral","Veterinarian","5","187901"
"Alberta","Perry","Female","20","a.perry@randatmail.com","Primary","Police Officer","0","178500"
"Abigail","Cooper","Female","26","a.cooper@randatmail.com","Lower secondary","Veterinarian","1","156602"
"Alexia","Richards","Female","25","a.richards@randatmail.com","Lower secondary","Producer","9","67741"
"Preston","Payne","Male","27","p.payne@randatmail.com","Primary","Baker","8","118099"
"Ted","Murray","Male","20","t.murray@randatmail.com","Primary","Programmer","1","39044"
"Vivian","Adams","Female","21","v.adams@randatmail.com","Lower secondary","Scientist","7","77673"
"Jacob","Carroll","Male","21","j.carroll@randatmail.com","Bachelor","Baker","7","188008"
"Justin","Anderson","Male","23","j.anderson@randatmail.com","Primary","Mathematician","9","141417"
"Arthur","West","Male","18","a.west@randatmail.com","Master","Scientist","8","44955"
"William","Harrison","Male","28","w.harrison@randatmail.com","Bachelor","Fine Artist","10","52963"
"Edward","Henderson","Male","27","e.henderson@randatmail.com","Primary","Manager","3","190033"
"Paige","Adams","Female","27","p.adams@randatmail.com","Master","Cook","8","55200"
"Sawyer","Miller","Male","28","s.miller@randatmail.com","Master","Architect","7","153148"
"Sienna","Johnson","Female","19","s.johnson@randatmail.com","Upper secondary","Agronomist","0","59806"
"Martin","Holmes","Male","22","m.holmes@randatmail.com","Doctoral","Electrician","8","119029"
"Walter","Montgomery","Male","23","w.montgomery@randatmail.com","Lower secondary","Aeroplane Pilot","3","68016"
"Sophia","Wright","Female","27","s.wright@randatmail.com","Primary","Mechanic","2","146037"
"Honey","Crawford","Female","21","h.crawford@randatmail.com","Master","Lecturer","8","83721"
"Lucy","Perkins","Female","24","l.perkins@randatmail.com","Bachelor","Mechanic","5","148538"
"Penelope","Hall","Female","23","p.hall@randatmail.com","Lower secondary","Medic","9","175132"
"Harold","Brooks","Male","21","h.brooks@randatmail.com","Master","Biochemist","8","125649"
"Leonardo","Henderson","Male","27","l.henderson@randatmail.com","Master","Chef","5","113047"
"Charlie","Mitchell","Male","18","c.mitchell@randatmail.com","Lower secondary","Lecturer","0","62706"
"Alisa","Richards","Female","28","a.richards@randatmail.com","Primary","Actor","14","114860"
"Mary","Wright","Female","22","m.wright@randatmail.com","Bachelor","Fashion Designer","10","194187"
"Blake","Cameron","Male","30","b.cameron@randatmail.com","Master","Baker","14","54108"
"Edith","Lloyd","Female","21","e.lloyd@randatmail.com","Bachelor","Physicist","6","192530"
"Lily","Baker","Female","28","l.baker@randatmail.com","Bachelor","Jeweller","1","59088"
"Haris","Gray","Male","28","h.gray@randatmail.com","Master","Fine Artist","14","32758"
"Olivia","Stewart","Female","20","o.stewart@randatmail.com","Bachelor","Pharmacist","3","109575"
"Dominik","Davis","Male","28","d.davis@randatmail.com","Master","Manager","9","179508"
"Sydney","Gray","Female","24","s.gray@randatmail.com","Doctoral","Baker","11","193882"
"Myra","Stewart","Female","20","m.stewart@randatmail.com","Doctoral","Architect","0","167569"
"Henry","Carter","Male","21","h.carter@randatmail.com","Upper secondary","Auditor","4","38659"
"Lucy","Warren","Female","20","l.warren@randatmail.com","Lower secondary","Engineer","8","64639"
"Hailey","Parker","Female","18","h.parker@randatmail.com","Bachelor","Auditor","2","89467"
"William","Stewart","Male","19","w.stewart@randatmail.com","Doctoral","Manager","7","189160"
"Michael","Watson","Male","24","m.watson@randatmail.com","Upper secondary","Biochemist","9","88980"
"Arnold","Reed","Male","27","a.reed@randatmail.com","Primary","Electrician","10","168636"
"Vincent","Hawkins","Male","18","v.hawkins@randatmail.com","Doctoral","Chemist","1","118290"
"Adison","Wright","Male","24","a.wright@randatmail.com","Upper secondary","Engineer","6","82993"
"Alford","Nelson","Male","22","a.nelson@randatmail.com","Lower secondary","Geologist","11","84631"
"Derek","Barnes","Male","20","d.barnes@randatmail.com","Upper secondary","Astronomer","3","127882"
"Owen","Carter","Male","18","o.carter@randatmail.com","Upper secondary","Engineer","9","136861"
"Eleanor","Tucker","Female","28","e.tucker@randatmail.com","Doctoral","Carpenter","8","139660"
"Brad","Ferguson","Male","18","b.ferguson@randatmail.com","Upper secondary","Biochemist","6","96158"
"Lenny","Stevens","Male","18","l.stevens@randatmail.com","Bachelor","Electrician","0","168644"
"Mike","Bennett","Male","29","m.bennett@randatmail.com","Primary","Chemist","4","35715"
"Tony","Farrell","Male","19","t.farrell@randatmail.com","Doctoral","Composer","4","104130"
"Rafael","Cole","Male","22","r.cole@randatmail.com","Primary","Mathematician","6","56028"
"Chester","Carroll","Male","20","c.carroll@randatmail.com","Master","Photographer","9","60375"
"Kellan","Spencer","Male","29","k.spencer@randatmail.com","Doctoral","Physicist","3","106254"
"Carl","Turner","Male","28","c.turner@randatmail.com","Lower secondary","Producer","6","168288"
"Ashton","Russell","Male","21","a.russell@randatmail.com","Lower secondary","Pharmacist","3","136826"
"Rubie","Turner","Female","18","r.turner@randatmail.com","Master","Firefighter","2","131596"
"Heather","Edwards","Female","24","h.edwards@randatmail.com","Lower secondary","Engineer","7","175191"
"Rafael","Richards","Male","22","r.richards@randatmail.com","Primary","Singer","4","164962"
"Alford","Anderson","Male","26","a.anderson@randatmail.com","Lower secondary","Singer","8","90940"
"Tess","Owens","Female","18","t.owens@randatmail.com","Lower secondary","Baker","1","120194"
"Natalie","Hunt","Female","24","n.hunt@randatmail.com","Doctoral","Actor","9","172176"
"Bruce","Andrews","Male","21","b.andrews@randatmail.com","Doctoral","Geologist","0","135856"
"Rafael","Edwards","Male","24","r.edwards@randatmail.com","Lower secondary","Auditor","6","196200"
"Sam","Bailey","Male","24","s.bailey@randatmail.com","Upper secondary","Actor","9","68254"
"Stuart","Kelly","Male","18","s.kelly@randatmail.com","Bachelor","Driver","5","124632"
"Preston","Cunningham","Male","27","p.cunningham@randatmail.com","Primary","Fashion Designer","12","175559"
"Rafael","Riley","Male","19","r.riley@randatmail.com","Master","Geologist","6","189296"
"Carl","Payne","Male","29","c.payne@randatmail.com","Upper secondary","Hairdresser","13","64325"
"Jenna","Wilson","Female","21","j.wilson@randatmail.com","Master","Photographer","7","107997"
"Amelia","Carroll","Female","19","a.carroll@randatmail.com","Bachelor","Mathematician","4","144044"
"Arthur","Cole","Male","21","a.cole@randatmail.com","Lower secondary","Lecturer","3","92113"
"Walter","Clark","Male","21","w.clark@randatmail.com","Primary","Geologist","5","34777"
"Brianna","Walker","Female","23","b.walker@randatmail.com","Bachelor","Economist","5","86729"
"Derek","Cole","Male","28","d.cole@randatmail.com","Doctoral","Chemist","3","178143"
"Max","Wells","Male","23","m.wells@randatmail.com","Primary","Teacher","4","109420"
"Miranda","Harris","Female","19","m.harris@randatmail.com","Lower secondary","Archeologist","8","195617"
"Audrey","Ryan","Female","28","a.ryan@randatmail.com","Doctoral","Singer","1","50573"
"Florrie","Taylor","Female","30","f.taylor@randatmail.com","Primary","Cook","7","188388"
"Agata","Reed","Female","24","a.reed@randatmail.com","Master","Engineer","4","168114"
"Nicholas","Morris","Male","30","n.morris@randatmail.com","Primary","Insurer","12","90160"
"Patrick","Ross","Male","25","p.ross@randatmail.com","Lower secondary","Historian","6","129970"
"Valeria","Elliott","Female","23","v.elliott@randatmail.com","Bachelor","Auditor","6","51044"
"Grace","Scott","Female","18","g.scott@randatmail.com","Master","Florist","6","103210"
"Preston","Roberts","Male","18","p.roberts@randatmail.com","Master","Baker","5","57698"
"Justin","Miller","Male","26","j.miller@randatmail.com","Upper secondary","Social Worker","13","115353"
"Melissa","Russell","Female","24","m.russell@randatmail.com","Lower secondary","Electrician","9","167527"
"Adrian","Brooks","Male","23","a.brooks@randatmail.com","Upper secondary","Baker","2","148229"
"Hailey","Stevens","Female","21","h.stevens@randatmail.com","Lower secondary","Chef","4","147345"
"Tiana","Henderson","Female","21","t.henderson@randatmail.com","Doctoral","Architect","0","195072"
"Charlotte","Farrell","Female","18","c.farrell@randatmail.com","Master","Meteorologist","5","53806"
"Amber","Bailey","Female","25","a.bailey@randatmail.com","Doctoral","Auditor","10","76034"
"Elian","Elliott","Male","28","e.elliott@randatmail.com","Lower secondary","Actor","13","30920"
"Victoria","Kelly","Female","27","v.kelly@randatmail.com","Primary","Lecturer","7","56921"
"Sophia","Morgan","Female","21","s.morgan@randatmail.com","Lower secondary","Electrician","4","144899"
"Luke","Parker","Male","22","l.parker@randatmail.com","Bachelor","Archeologist","7","162751"
"Daisy","Edwards","Female","23","d.edwards@randatmail.com","Master","Engineer","6","84648"
"Arthur","Mason","Male","28","a.mason@randatmail.com","Bachelor","Carpenter","7","59840"
"Catherine","Higgins","Female","26","c.higgins@randatmail.com","Primary","Interpreter","4","91323"
"Lucia","Casey","Female","26","l.casey@randatmail.com","Bachelor","Florist","11","87454"
"Hailey","Payne","Female","26","h.payne@randatmail.com","Bachelor","Veterinarian","2","43986"
"Alen","Douglas","Male","19","a.douglas@randatmail.com","Bachelor","Fashion Designer","2","131241"
"Chelsea","Tucker","Female","18","c.tucker@randatmail.com","Bachelor","Economist","8","65284"
"Sarah","Williams","Female","23","s.williams@randatmail.com","Doctoral","Driver","7","65811"
"Stuart","Murphy","Male","21","s.murphy@randatmail.com","Lower secondary","Engineer","5","161508"
"Owen","Cooper","Male","20","o.cooper@randatmail.com","Primary","Social Worker","2","42011"
"Abraham","Elliott","Male","22","a.elliott@randatmail.com","Master","Astronomer","6","60296"
"Agata","Myers","Female","29","a.myers@randatmail.com","Lower secondary","Economist","1","123614"
"Kimberly","Hunt","Female","21","k.hunt@randatmail.com","Bachelor","Archeologist","10","167132"
"Garry","Cooper","Male","18","g.cooper@randatmail.com","Bachelor","Fashion Designer","9","126923"
"Alan","Armstrong","Male","23","a.armstrong@randatmail.com","Primary","Photographer","1","173170"
"Oscar","Farrell","Male","22","o.farrell@randatmail.com","Bachelor","Scientist","6","198753"
"Rebecca","Taylor","Female","26","r.taylor@randatmail.com","Primary","Architect","3","57295"
"Victor","Jones","Male","30","v.jones@randatmail.com","Primary","Driver","5","129054"
"Hailey","Spencer","Female","25","h.spencer@randatmail.com","Lower secondary","Accountant","12","40173"
"Daryl","Campbell","Male","26","d.campbell@randatmail.com","Upper secondary","Mathematician","5","34976"
"Ryan","Richardson","Male","19","r.richardson@randatmail.com","Upper secondary","Singer","7","173417"
"Rebecca","Scott","Female","27","r.scott@randatmail.com","Primary","Police Officer","8","117473"
"Patrick","Gray","Male","29","p.gray@randatmail.com","Bachelor","Journalist","4","108157"
"Edward","Barrett","Male","29","e.barrett@randatmail.com","Doctoral","Architect","1","158333"
"Jordan","Ross","Male","28","j.ross@randatmail.com","Lower secondary","Florist","13","35870"
"Byron","Cooper","Male","20","b.cooper@randatmail.com","Lower secondary","Physicist","8","109860"
"Paul","Lloyd","Male","18","p.lloyd@randatmail.com","Upper secondary","Electrician","0","114042"
"Naomi","Cole","Female","27","n.cole@randatmail.com","Doctoral","Firefighter","11","42883"
"Adelaide","Kelley","Female","20","a.kelley@randatmail.com","Doctoral","Archeologist","2","58783"
"Oscar","Johnson","Male","20","o.johnson@randatmail.com","Bachelor","Architect","9","117558"
"Sabrina","Fowler","Female","21","s.fowler@randatmail.com","Master","Firefighter","0","171451"
"Roman","Riley","Male","19","r.riley@randatmail.com","Doctoral","Actor","9","97876"
"Audrey","Payne","Female","18","a.payne@randatmail.com","Lower secondary","Graphic Designer","4","135545"
"Kellan","Fowler","Male","28","k.fowler@randatmail.com","Primary","Electrician","7","157624"
"Gianna","Davis","Female","30","g.davis@randatmail.com","Doctoral","Astronomer","11","172480"
"Caroline","Thompson","Female","21","c.thompson@randatmail.com","Master","Economist","3","118692"
"Spike","Hill","Male","26","s.hill@randatmail.com","Bachelor","Dancer","0","127658"
"Tyler","Armstrong","Male","26","t.armstrong@randatmail.com","Bachelor","Hairdresser","4","58504"
"Wilson","Henderson","Male","30","w.henderson@randatmail.com","Upper secondary","Social Worker","0","59881"
"Caroline","Carroll","Female","29","c.carroll@randatmail.com","Master","Mechanic","11","145565"
"Bruce","Ellis","Male","18","b.ellis@randatmail.com","Doctoral","Scientist","1","74510"
"Carlos","Morrison","Male","25","c.morrison@randatmail.com","Bachelor","Producer","1","36199"
"Sabrina","Riley","Female","22","s.riley@randatmail.com","Primary","Botanist","6","121925"
"Tara","Harris","Female","18","t.harris@randatmail.com","Master","Mechanic","1","65891"
"Kimberly","Cole","Female","24","k.cole@randatmail.com","Primary","Graphic Designer","6","101829"
"Adam","Morrison","Male","27","a.morrison@randatmail.com","Upper secondary","Carpenter","10","47893"
"Lily","Montgomery","Female","26","l.montgomery@randatmail.com","Lower secondary","Mechanic","11","188646"
"Audrey","Montgomery","Female","21","a.montgomery@randatmail.com","Primary","Hairdresser","0","129755"
"Alisa","Mitchell","Female","29","a.mitchell@randatmail.com","Bachelor","Hairdresser","11","136110"
"Paul","Johnson","Male","23","p.johnson@randatmail.com","Upper secondary","Interior Designer","7","55719"
"Tiana","Dixon","Female","29","t.dixon@randatmail.com","Doctoral","Pharmacist","13","34128"
"Hailey","Brown","Female","25","h.brown@randatmail.com","Upper secondary","Medic","5","139601"
"Sydney","Dixon","Female","24","s.dixon@randatmail.com","Primary","Programmer","5","55419"
"Stella","Edwards","Female","28","s.edwards@randatmail.com","Doctoral","Insurer","12","124145"
"Reid","Ellis","Male","28","r.ellis@randatmail.com","Bachelor","Driver","4","178916"
"Paul","Farrell","Male","23","p.farrell@randatmail.com","Primary","Medic","2","184795"
"Spike","Mitchell","Male","19","s.mitchell@randatmail.com","Doctoral","Fashion Designer","5","58507"
"Brad","Mason","Male","27","b.mason@randatmail.com","Master","Dancer","10","35068"
"Patrick","Edwards","Male","21","p.edwards@randatmail.com","Doctoral","Astronomer","3","114068"
"Byron","Richards","Male","26","b.richards@randatmail.com","Primary","Geologist","6","160217"
"Aiden","Martin","Male","26","a.martin@randatmail.com","Master","Mathematician","8","43219"
"Audrey","Ellis","Female","25","a.ellis@randatmail.com","Primary","Economist","5","97227"
"Mary","Murray","Female","28","m.murray@randatmail.com","Primary","Interior Designer","8","154893"
"Daisy","Parker","Female","29","d.parker@randatmail.com","Doctoral","Medic","2","194029"
"Rebecca","Brown","Female","27","r.brown@randatmail.com","Primary","Scientist","2","117215"
"Edwin","Armstrong","Male","21","e.armstrong@randatmail.com","Doctoral","Veterinarian","5","186389"
"Luke","Cameron","Male","26","l.cameron@randatmail.com","Upper secondary","Interpreter","4","71470"
"Emily","Ross","Female","20","e.ross@randatmail.com","Master","Jeweller","4","67032"
"Dainton","Campbell","Male","24","d.campbell@randatmail.com","Bachelor","Hairdresser","3","104353"
"Jessica","Williams","Female","18","j.williams@randatmail.com","Upper secondary","Programmer","1","152388"
"Jasmine","Gray","Female","18","j.gray@randatmail.com","Primary","Agronomist","7","95987"
"Antony","Perkins","Male","22","a.perkins@randatmail.com","Bachelor","Auditor","3","109911"
"Lana","Owens","Female","27","l.owens@randatmail.com","Lower secondary","Interior Designer","1","38320"
"Camila","Farrell","Female","23","c.farrell@randatmail.com","Bachelor","Insurer","9","37010"
"Deanna","Harrison","Female","26","d.harrison@randatmail.com","Primary","Manager","10","38716"
"Alen","Fowler","Male","27","a.fowler@randatmail.com","Doctoral","Veterinarian","1","119408"
"Julian","Barrett","Male","24","j.barrett@randatmail.com","Bachelor","Journalist","3","176782"
"Deanna","Adams","Female","28","d.adams@randatmail.com","Bachelor","Meteorologist","4","36124"
"Chester","Davis","Male","19","c.davis@randatmail.com","Bachelor","Police Officer","2","147075"
"Amy","Thomas","Female","23","a.thomas@randatmail.com","Upper secondary","Engineer","2","89893"
"Max","Craig","Male","28","m.craig@randatmail.com","Bachelor","Jeweller","12","193919"
"Lucas","Miller","Male","24","l.miller@randatmail.com","Upper secondary","Interpreter","9","66733"
"Spike","Cole","Male","20","s.cole@randatmail.com","Primary","Meteorologist","0","158448"
"Brad","Carter","Male","26","b.carter@randatmail.com","Lower secondary","Archeologist","13","37510"
"Michael","Andrews","Male","26","m.andrews@randatmail.com","Bachelor","Astronomer","9","109801"
"Isabella","Chapman","Female","27","i.chapman@randatmail.com","Bachelor","Architect","10","56829"
"Brad","Robinson","Male","24","b.robinson@randatmail.com","Upper secondary","Fashion Designer","11","192878"
"Eric","Anderson","Male","22","e.anderson@randatmail.com","Bachelor","Aeroplane Pilot","2","192589"
"Grace","Allen","Female","27","g.allen@randatmail.com","Lower secondary","Firefighter","5","69957"
"Paige","Gray","Female","25","p.gray@randatmail.com","Lower secondary","Aeroplane Pilot","11","190589"
"Brooke","Rogers","Female","18","b.rogers@randatmail.com","Primary","Social Worker","2","96100"
"Carlos","Reed","Male","22","c.reed@randatmail.com","Lower secondary","Pharmacist","11","151454"
"Edward","Stewart","Male","22","e.stewart@randatmail.com","Master","Actor","3","32257"
"Albert","Cooper","Male","19","a.cooper@randatmail.com","Doctoral","Aeroplane Pilot","1","181059"
"Maddie","Campbell","Female","26","m.campbell@randatmail.com","Bachelor","Electrician","9","61648"
"Tess","Bennett","Female","27","t.bennett@randatmail.com","Primary","Engineer","0","68449"
"Evelyn","Douglas","Female","30","e.douglas@randatmail.com","Upper secondary","Fashion Designer","14","107222"
"Tyler","Brooks","Male","29","t.brooks@randatmail.com","Primary","Biochemist","3","38207"
"Tiana","Smith","Female","23","t.smith@randatmail.com","Upper secondary","Teacher","9","175258"
"Jenna","Chapman","Female","29","j.chapman@randatmail.com","Upper secondary","Photographer","9","105904"
"Paige","Brooks","Female","19","p.brooks@randatmail.com","Doctoral","Geologist","5","163134"
"Kirsten","Payne","Female","22","k.payne@randatmail.com","Doctoral","Agronomist","8","171903"
"Alford","Spencer","Male","24","a.spencer@randatmail.com","Master","Historian","1","33208"
"Miller","Foster","Male","21","m.foster@randatmail.com","Upper secondary","Graphic Designer","10","83542"
"Abigail","Johnson","Female","30","a.johnson@randatmail.com","Master","Geologist","9","55101"
"Marcus","Campbell","Male","24","m.campbell@randatmail.com","Primary","Singer","2","160054"
"Aston","Wells","Male","21","a.wells@randatmail.com","Upper secondary","Historian","1","59610"
"Madaline","Morrison","Female","22","m.morrison@randatmail.com","Primary","Police Officer","10","164088"
"April","Kelley","Female","24","a.kelley@randatmail.com","Master","Chef","2","141800"
"Miranda","Walker","Female","24","m.walker@randatmail.com","Primary","Interpreter","3","117537"
"Amy","Andrews","Female","24","a.andrews@randatmail.com","Primary","Historian","0","135995"
"Myra","Hall","Female","25","m.hall@randatmail.com","Bachelor","Aeroplane Pilot","3","175323"
"Hailey","Williams","Female","20","h.williams@randatmail.com","Doctoral","Journalist","8","99030"
"Roman","Sullivan","Male","26","r.sullivan@randatmail.com","Upper secondary","Driver","6","72980"
"Sam","Gray","Male","29","s.gray@randatmail.com","Upper secondary","Aeroplane Pilot","5","155217"
"Alina","Williams","Female","24","a.williams@randatmail.com","Lower secondary","Agronomist","6","156568"
"Carina","Harrison","Female","28","c.harrison@randatmail.com","Primary","Composer","6","76385"
"Cadie","Harrison","Female","19","c.harrison@randatmail.com","Lower secondary","Actor","5","104056"
"Michael","Payne","Male","30","m.payne@randatmail.com","Lower secondary","Aeroplane Pilot","10","41083"
"Darcy","Wilson","Female","25","d.wilson@randatmail.com","Primary","Firefighter","11","92070"
"Jack","Morrison","Male","18","j.morrison@randatmail.com","Primary","Dancer","7","52591"
"Justin","Carroll","Male","21","j.carroll@randatmail.com","Doctoral","Economist","0","120433"
"Mike","Perry","Male","27","m.perry@randatmail.com","Bachelor","Mechanic","1","71791"
"Jared","Casey","Male","26","j.casey@randatmail.com","Master","Dancer","9","139896"
"Dexter","Henderson","Male","18","d.henderson@randatmail.com","Doctoral","Photographer","2","85195"
"Walter","Morris","Male","19","w.morris@randatmail.com","Doctoral","Auditor","5","148752"
"Adam","Clark","Male","22","a.clark@randatmail.com","Lower secondary","Hairdresser","9","159535"
"Myra","Mitchell","Female","25","m.mitchell@randatmail.com","Bachelor","Carpenter","4","130219"
"Michelle","Parker","Female","19","m.parker@randatmail.com","Doctoral","Lawer","0","175258"
"Antony","Craig","Male","23","a.craig@randatmail.com","Primary","Astronomer","11","168479"
"Sydney","Mitchell","Female","22","s.mitchell@randatmail.com","Master","Geologist","9","30385"
"Robert","Hawkins","Male","22","r.hawkins@randatmail.com","Doctoral","Journalist","4","68510"
"Derek","Carter","Male","28","d.carter@randatmail.com","Master","Engineer","14","60968"
"Maximilian","Holmes","Male","24","m.holmes@randatmail.com","Lower secondary","Dancer","12","177983"
"Derek","Bailey","Male","25","d.bailey@randatmail.com","Master","Florist","4","159805"
"Alan","Wilson","Male","29","a.wilson@randatmail.com","Bachelor","Archeologist","11","169205"
"Rubie","Thomas","Female","26","r.thomas@randatmail.com","Doctoral","Aeroplane Pilot","9","102117"
"Adelaide","Morrison","Female","24","a.morrison@randatmail.com","Upper secondary","Manager","1","95671"
"Roman","Craig","Male","28","r.craig@randatmail.com","Bachelor","Botanist","14","170276"
"Amy","Lloyd","Female","26","a.lloyd@randatmail.com","Lower secondary","Jeweller","7","158307"
"Dominik","Nelson","Male","22","d.nelson@randatmail.com","Primary","Fashion Designer","7","38806"
"Edith","Phillips","Female","23","e.phillips@randatmail.com","Primary","Accountant","8","49143"
"Heather","Taylor","Female","27","h.taylor@randatmail.com","Lower secondary","Biochemist","0","136647"
"Briony","Murphy","Female","23","b.murphy@randatmail.com","Doctoral","Chemist","7","157208"
"Adelaide","Robinson","Female","30","a.robinson@randatmail.com","Lower secondary","Insurer","4","76694"
"Michelle","Harrison","Female","19","m.harrison@randatmail.com","Master","Historian","3","152130"
"Miranda","Moore","Female","26","m.moore@randatmail.com","Bachelor","Florist","12","113938"
"Olivia","Tucker","Female","22","o.tucker@randatmail.com","Primary","Actor","9","39840"
"Edith","Wright","Female","24","e.wright@randatmail.com","Bachelor","Graphic Designer","1","87376"
"Caroline","Robinson","Female","19","c.robinson@randatmail.com","Upper secondary","Scientist","0","126813"
"Dexter","Armstrong","Male","28","d.armstrong@randatmail.com","Doctoral","Graphic Designer","14","127343"
"Martin","Clark","Male","20","m.clark@randatmail.com","Upper secondary","Police Officer","6","135923"
"Tiana","Howard","Female","19","t.howard@randatmail.com","Lower secondary","Astronomer","6","47901"
"Marcus","Myers","Male","18","m.myers@randatmail.com","Lower secondary","Programmer","7","108460"
"Marcus","Gibson","Male","28","m.gibson@randatmail.com","Upper secondary","Botanist","4","134485"
"Violet","Ferguson","Female","20","v.ferguson@randatmail.com","Master","Scientist","0","130490"
"Julia","Bailey","Female","25","j.bailey@randatmail.com","Bachelor","Jeweller","6","42328"
"Natalie","Andrews","Female","26","n.andrews@randatmail.com","Doctoral","Agronomist","3","76507"
"Audrey","Hawkins","Female","24","a.hawkins@randatmail.com","Lower secondary","Driver","1","170785"
"Leonardo","Barnes","Male","26","l.barnes@randatmail.com","Primary","Social Worker","8","134274"
"Vivian","Fowler","Female","25","v.fowler@randatmail.com","Upper secondary","Baker","10","128248"
"Grace","Payne","Female","30","g.payne@randatmail.com","Master","Botanist","4","102930"
"Blake","Grant","Male","21","b.grant@randatmail.com","Upper secondary","Social Worker","4","181190"
"Jordan","Cole","Male","30","j.cole@randatmail.com","Lower secondary","Scientist","9","40831"
"James","Hall","Male","21","j.hall@randatmail.com","Bachelor","Florist","3","162079"
"Belinda","Crawford","Female","22","b.crawford@randatmail.com","Upper secondary","Cook","6","46628"
"Elise","Robinson","Female","29","e.robinson@randatmail.com","Master","Insurer","9","47822"
"Roman","Moore","Male","20","r.moore@randatmail.com","Primary","Fine Artist","6","70522"
"Anna","Johnson","Female","21","a.johnson@randatmail.com","Bachelor","Aeroplane Pilot","4","59462"
"Charlotte","Watson","Female","19","c.watson@randatmail.com","Lower secondary","Interior Designer","8","33953"
"Chloe","Rogers","Female","26","c.rogers@randatmail.com","Doctoral","Journalist","1","93945"
"Haris","Johnson","Male","24","h.johnson@randatmail.com","Master","Physicist","1","114405"
"Alberta","Owens","Female","25","a.owens@randatmail.com","Lower secondary","Actor","4","167190"
"Daisy","Watson","Female","23","d.watson@randatmail.com","Upper secondary","Firefighter","7","174839"
"Audrey","Thompson","Female","18","a.thompson@randatmail.com","Lower secondary","Firefighter","5","66389"
"Hailey","Montgomery","Female","20","h.montgomery@randatmail.com","Upper secondary","Photographer","0","111729"
"Ryan","Elliott","Male","26","r.elliott@randatmail.com","Doctoral","Accountant","10","186431"
"Jessica","Johnston","Female","28","j.johnston@randatmail.com","Doctoral","Architect","11","80083"
"Alexia","Allen","Female","23","a.allen@randatmail.com","Master","Aeroplane Pilot","11","154992"
"Derek","Elliott","Male","18","d.elliott@randatmail.com","Doctoral","Police Officer","3","37122"
"Violet","Crawford","Female","19","v.crawford@randatmail.com","Doctoral","Journalist","1","192833"
"Miranda","Taylor","Female","18","m.taylor@randatmail.com","Doctoral","Interpreter","0","185644"
"Jack","Brown","Male","18","j.brown@randatmail.com","Lower secondary","Salesman","0","123241"
"Lana","Perkins","Female","27","l.perkins@randatmail.com","Master","Graphic Designer","4","97324"
"Sofia","Wright","Female","29","s.wright@randatmail.com","Upper secondary","Veterinarian","0","143068"
"Vivian","Brooks","Female","20","v.brooks@randatmail.com","Bachelor","Baker","2","113632"
"David","Wilson","Male","25","d.wilson@randatmail.com","Primary","Architect","9","73341"
"Frederick","Johnson","Male","25","f.johnson@randatmail.com","Lower secondary","Architect","10","155654"
"Roman","Spencer","Male","28","r.spencer@randatmail.com","Upper secondary","Aeroplane Pilot","14","74039"
"Mike","Brooks","Male","26","m.brooks@randatmail.com","Master","Cook","12","71809"
"Byron","Foster","Male","29","b.foster@randatmail.com","Lower secondary","Archeologist","2","71897"
"Luke","Rogers","Male","23","l.rogers@randatmail.com","Master","Graphic Designer","8","142156"
"David","Kelly","Male","27","d.kelly@randatmail.com","Bachelor","Electrician","11","60683"
"Garry","Hunt","Male","29","g.hunt@randatmail.com","Lower secondary","Interior Designer","11","146317"
"Olivia","Richards","Female","20","o.richards@randatmail.com","Lower secondary","Medic","3","129262"
"Julia","Owens","Female","30","j.owens@randatmail.com","Doctoral","Physicist","7","140086"
"Ted","Chapman","Male","19","t.chapman@randatmail.com","Lower secondary","Interior Designer","3","33393"
"Hailey","Wright","Female","25","h.wright@randatmail.com","Primary","Salesman","7","69148"
"Garry","Reed","Male","26","g.reed@randatmail.com","Bachelor","Aeroplane Pilot","11","199217"
"Florrie","Montgomery","Female","28","f.montgomery@randatmail.com","Primary","Accountant","8","85766"
"Abraham","Alexander","Male","29","a.alexander@randatmail.com","Bachelor","Producer","10","42034"
"Patrick","Cooper","Male","29","p.cooper@randatmail.com","Doctoral","Fine Artist","4","152917"
"Patrick","Armstrong","Male","23","p.armstrong@randatmail.com","Primary","Actor","3","164476"
"Carl","Reed","Male","25","c.reed@randatmail.com","Master","Physicist","3","85405"
"Freddie","Hill","Male","25","f.hill@randatmail.com","Master","Botanist","12","109395"
"Marcus","Crawford","Male","30","m.crawford@randatmail.com","Bachelor","Astronomer","15","112671"
"Brianna","Kelly","Female","22","b.kelly@randatmail.com","Bachelor","Pharmacist","3","154579"
"Madaline","Robinson","Female","26","m.robinson@randatmail.com","Upper secondary","Journalist","5","95141"
"Eddy","Bennett","Male","26","e.bennett@randatmail.com","Lower secondary","Mechanic","11","36816"
"Carlos","Alexander","Male","29","c.alexander@randatmail.com","Bachelor","Baker","3","35703"
"Daryl","Elliott","Male","25","d.elliott@randatmail.com","Master","Baker","5","166574"
"Jared","Andrews","Male","25","j.andrews@randatmail.com","Doctoral","Composer","0","85959"
"Chelsea","Stewart","Female","21","c.stewart@randatmail.com","Doctoral","Programmer","9","175085"
"Sarah","Harper","Female","28","s.harper@randatmail.com","Master","Programmer","6","87976"
"Kristian","Campbell","Male","29","k.campbell@randatmail.com","Bachelor","Meteorologist","14","152120"
"Dale","Gray","Male","18","d.gray@randatmail.com","Doctoral","Scientist","8","123349"
"Belinda","Campbell","Female","28","b.campbell@randatmail.com","Lower secondary","Carpenter","3","177994"
"Catherine","Murray","Female","29","c.murray@randatmail.com","Primary","Scientist","14","89244"
"Edwin","Anderson","Male","25","e.anderson@randatmail.com","Bachelor","Producer","5","152579"
"Lily","Scott","Female","22","l.scott@randatmail.com","Lower secondary","Jeweller","0","174774"
"Victoria","Harris","Female","24","v.harris@randatmail.com","Lower secondary","Engineer","0","120380"
"Kevin","Barnes","Male","26","k.barnes@randatmail.com","Upper secondary","Fashion Designer","9","192474"
"Maria","Evans","Female","29","m.evans@randatmail.com","Lower secondary","Graphic Designer","5","125423"
"Tiana","Hunt","Female","23","t.hunt@randatmail.com","Upper secondary","Driver","9","55100"
"Sofia","Gray","Female","30","s.gray@randatmail.com","Doctoral","Auditor","0","97071"
"Melissa","Grant","Female","21","m.grant@randatmail.com","Master","Driver","7","158538"
"Sarah","Hall","Female","21","s.hall@randatmail.com","Master","Actor","3","118587"
"Savana","Cole","Female","24","s.cole@randatmail.com","Bachelor","Chef","11","150650"
"Carina","Perkins","Female","27","c.perkins@randatmail.com","Primary","Actor","10","101026"
"Steven","Watson","Male","21","s.watson@randatmail.com","Master","Composer","3","72816"
"Richard","Gray","Male","22","r.gray@randatmail.com","Lower secondary","Actor","7","47730"
"Kelvin","Campbell","Male","21","k.campbell@randatmail.com","Upper secondary","Hairdresser","6","35965"
"Nicole","Cunningham","Female","29","n.cunningham@randatmail.com","Master","Hairdresser","8","97982"
"Julia","Kelly","Female","22","j.kelly@randatmail.com","Upper secondary","Archeologist","1","77135"
"Tony","Hawkins","Male","27","t.hawkins@randatmail.com","Upper secondary","Botanist","11","181485"
"Sam","Hamilton","Male","24","s.hamilton@randatmail.com","Upper secondary","Aeroplane Pilot","1","110691"
"Caroline","Foster","Female","28","c.foster@randatmail.com","Bachelor","Journalist","5","149807"
"Blake","Parker","Male","20","b.parker@randatmail.com","Bachelor","Historian","10","121688"
"Audrey","Wright","Female","20","a.wright@randatmail.com","Lower secondary","Carpenter","5","136008"
"Eddy","Anderson","Male","21","e.anderson@randatmail.com","Master","Architect","7","194957"
"Grace","Turner","Female","23","g.turner@randatmail.com","Upper secondary","Interpreter","1","63837"
"Miley","Myers","Female","21","m.myers@randatmail.com","Bachelor","Physicist","8","129504"
"Agata","Spencer","Female","24","a.spencer@randatmail.com","Doctoral","Florist","9","82950"
"Connie","Turner","Female","23","c.turner@randatmail.com","Doctoral","Interior Designer","6","153304"
"Mary","Adams","Female","21","m.adams@randatmail.com","Bachelor","Teacher","6","96423"
"Victor","Clark","Male","22","v.clark@randatmail.com","Upper secondary","Auditor","7","47458"
"Miller","Warren","Male","18","m.warren@randatmail.com","Master","Cook","1","93852"
"Roland","Cunningham","Male","21","r.cunningham@randatmail.com","Lower secondary","Chemist","9","173381"
"William","Clark","Male","21","w.clark@randatmail.com","Master","Archeologist","1","43401"
"Carina","Nelson","Female","29","c.nelson@randatmail.com","Master","Lawer","5","154138"
"Oscar","Foster","Male","29","o.foster@randatmail.com","Lower secondary","Electrician","4","80940"
"Rubie","Casey","Female","22","r.casey@randatmail.com","Upper secondary","Insurer","0","73833"
"Michael","Crawford","Male","18","m.crawford@randatmail.com","Bachelor","Insurer","4","130646"
"Sam","Ellis","Male","27","s.ellis@randatmail.com","Doctoral","Jeweller","7","197282"
"Caroline","Barnes","Female","24","c.barnes@randatmail.com","Master","Florist","9","57441"
"Vivian","Johnston","Female","27","v.johnston@randatmail.com","Master","Singer","6","168305"
"Mike","Wright","Male","24","m.wright@randatmail.com","Doctoral","Journalist","9","182773"
"Lily","Stewart","Female","22","l.stewart@randatmail.com","Doctoral","Medic","4","96476"
"Agata","Russell","Female","23","a.russell@randatmail.com","Master","Chef","2","162522"
"Victor","Mitchell","Male","26","v.mitchell@randatmail.com","Upper secondary","Physicist","9","188489"
"Carlos","Stevens","Male","18","c.stevens@randatmail.com","Bachelor","Lawer","2","38714"
"Jared","Edwards","Male","28","j.edwards@randatmail.com","Bachelor","Engineer","5","138313"
"Mike","Foster","Male","22","m.foster@randatmail.com","Bachelor","Fashion Designer","7","44801"
"Jasmine","Kelly","Female","18","j.kelly@randatmail.com","Upper secondary","Medic","0","175800"
"Valeria","Ross","Female","28","v.ross@randatmail.com","Upper secondary","Auditor","5","161474"
"Gianna","Foster","Female","20","g.foster@randatmail.com","Bachelor","Programmer","6","48441"
"Lilianna","Williams","Female","21","l.williams@randatmail.com","Primary","Photographer","7","53123"
"Lucas","Wilson","Male","26","l.wilson@randatmail.com","Bachelor","Botanist","1","36423"
"Maximilian","Fowler","Male","26","m.fowler@randatmail.com","Doctoral","Journalist","6","191756"
"Aida","Douglas","Female","18","a.douglas@randatmail.com","Primary","Biochemist","7","104071"
"Melissa","Carroll","Female","20","m.carroll@randatmail.com","Master","Medic","9","122532"
"Jack","Crawford","Male","19","j.crawford@randatmail.com","Bachelor","Dancer","0","57654"
"Aida","Richardson","Female","29","a.richardson@randatmail.com","Lower secondary","Programmer","2","98104"
"Deanna","Mitchell","Female","23","d.mitchell@randatmail.com","Lower secondary","Veterinarian","5","65368"
"Lucy","Watson","Female","24","l.watson@randatmail.com","Bachelor","Photographer","11","194679"
"Darcy","Anderson","Female","21","d.anderson@randatmail.com","Lower secondary","Florist","5","73054"
"Lily","Moore","Female","19","l.moore@randatmail.com","Master","Fine Artist","7","89975"
"Melanie","Ellis","Female","19","m.ellis@randatmail.com","Bachelor","Teacher","6","174105"
"Florrie","Johnson","Female","19","f.johnson@randatmail.com","Lower secondary","Mathematician","5","106012"
"Reid","Andrews","Male","30","r.andrews@randatmail.com","Bachelor","Salesman","4","144357"
"George","Adams","Male","25","g.adams@randatmail.com","Primary","Lecturer","7","154134"
"Eddy","Ross","Male","27","e.ross@randatmail.com","Bachelor","Engineer","9","68371"
"Olivia","Ferguson","Female","28","o.ferguson@randatmail.com","Bachelor","Mechanic","13","111200"
"William","Tucker","Male","21","w.tucker@randatmail.com","Master","Photographer","7","80556"
"Frederick","Taylor","Male","24","f.taylor@randatmail.com","Primary","Auditor","5","127574"
"John","Wright","Male","24","j.wright@randatmail.com","Master","Hairdresser","2","65188"
"Abraham","Dixon","Male","28","a.dixon@randatmail.com","Primary","Mechanic","11","74525"
"Michael","Cole","Male","19","m.cole@randatmail.com","Primary","Architect","1","64739"
"Lily","Kelly","Female","25","l.kelly@randatmail.com","Bachelor","Pharmacist","2","146362"
"Abraham","Walker","Male","24","a.walker@randatmail.com","Master","Actor","6","151353"
"Tess","Stewart","Female","27","t.stewart@randatmail.com","Bachelor","Astronomer","4","124432"
"Amelia","Morgan","Female","25","a.morgan@randatmail.com","Doctoral","Dancer","12","109142"
"Florrie","Murphy","Female","26","f.murphy@randatmail.com","Primary","Chemist","2","141764"
"Arianna","Kelly","Female","29","a.kelly@randatmail.com","Bachelor","Engineer","2","64494"
"Adrian","Hawkins","Male","22","a.hawkins@randatmail.com","Lower secondary","Scientist","0","139297"
"April","Russell","Female","22","a.russell@randatmail.com","Master","Graphic Designer","10","55952"
"Martin","Ellis","Male","24","m.ellis@randatmail.com","Master","Salesman","11","39747"
"Natalie","Baker","Female","26","n.baker@randatmail.com","Lower secondary","Biochemist","13","193054"
"Andrew","Higgins","Male","20","a.higgins@randatmail.com","Upper secondary","Composer","9","114322"
"Olivia","Davis","Female","29","o.davis@randatmail.com","Bachelor","Firefighter","5","79505"
"Thomas","Myers","Male","30","t.myers@randatmail.com","Primary","Cook","0","39641"
"Paige","Morrison","Female","19","p.morrison@randatmail.com","Bachelor","Insurer","6","81722"
"Dale","Wright","Male","26","d.wright@randatmail.com","Lower secondary","Meteorologist","7","118562"
"Anna","Perkins","Female","23","a.perkins@randatmail.com","Doctoral","Astronomer","8","195127"
"Fenton","West","Male","29","f.west@randatmail.com","Doctoral","Interpreter","6","90108"
"Jenna","Fowler","Female","22","j.fowler@randatmail.com","Upper secondary","Insurer","10","166169"
"April","Henderson","Female","25","a.henderson@randatmail.com","Upper secondary","Astronomer","11","91475"
"Abigail","Anderson","Female","29","a.anderson@randatmail.com","Upper secondary","Scientist","12","55848"
"James","Wilson","Male","22","j.wilson@randatmail.com","Doctoral","Driver","11","146254"
"Edgar","Ellis","Male","26","e.ellis@randatmail.com","Bachelor","Biochemist","9","149792"
"David","Ross","Male","25","d.ross@randatmail.com","Doctoral","Lawer","6","73754"
"Ellia","Smith","Female","20","e.smith@randatmail.com","Doctoral","Fashion Designer","7","65092"
"Gianna","Taylor","Female","20","g.taylor@randatmail.com","Master","Photographer","8","125823"
"Alexia","Crawford","Female","28","a.crawford@randatmail.com","Master","Graphic Designer","5","66211"
"Melanie","Hamilton","Female","18","m.hamilton@randatmail.com","Primary","Florist","6","190450"
"Catherine","Kelly","Female","26","c.kelly@randatmail.com","Bachelor","Interpreter","7","43831"
"Natalie","Turner","Female","26","n.turner@randatmail.com","Doctoral","Cook","11","64066"
"Sofia","Jones","Female","25","s.jones@randatmail.com","Doctoral","Carpenter","2","175005"
"Edward","Chapman","Male","18","e.chapman@randatmail.com","Bachelor","Architect","1","124538"
"Miley","Kelly","Female","19","m.kelly@randatmail.com","Primary","Mechanic","5","57505"
"Chloe","Brooks","Female","29","c.brooks@randatmail.com","Doctoral","Agronomist","5","166453"
"Cherry","Ross","Female","24","c.ross@randatmail.com","Lower secondary","Driver","4","120503"
"Adrianna","Smith","Female","21","a.smith@randatmail.com","Master","Florist","1","111676"
"April","Robinson","Female","20","a.robinson@randatmail.com","Bachelor","Historian","6","32919"
"Samantha","Ellis","Female","23","s.ellis@randatmail.com","Lower secondary","Teacher","4","174183"
"Chloe","Ellis","Female","24","c.ellis@randatmail.com","Lower secondary","Social Worker","11","134280"
"Audrey","Jones","Female","22","a.jones@randatmail.com","Bachelor","Police Officer","6","189162"
"Tony","West","Male","30","t.west@randatmail.com","Lower secondary","Archeologist","1","110684"
"John","Elliott","Male","26","j.elliott@randatmail.com","Master","Photographer","6","67798"
"Annabella","Morrison","Female","28","a.morrison@randatmail.com","Doctoral","Chef","9","55531"
"Edith","Russell","Female","26","e.russell@randatmail.com","Primary","Accountant","2","149031"
"Cherry","Higgins","Female","18","c.higgins@randatmail.com","Bachelor","Accountant","1","198897"
"Carina","Fowler","Female","24","c.fowler@randatmail.com","Master","Teacher","0","37206"
"Maximilian","Payne","Male","20","m.payne@randatmail.com","Doctoral","Actor","2","128781"
"Madaline","Andrews","Female","26","m.andrews@randatmail.com","Master","Botanist","11","102345"
"Aldus","Mason","Male","25","a.mason@randatmail.com","Primary","Firefighter","12","131213"
"Catherine","Spencer","Female","24","c.spencer@randatmail.com","Doctoral","Astronomer","6","97413"
"Connie","Mitchell","Female","27","c.mitchell@randatmail.com","Upper secondary","Veterinarian","10","136879"
"Chloe","Allen","Female","19","c.allen@randatmail.com","Upper secondary","Astronomer","2","90747"
"Isabella","Morrison","Female","27","i.morrison@randatmail.com","Doctoral","Jeweller","11","171205"
"Fiona","Stevens","Female","26","f.stevens@randatmail.com","Lower secondary","Carpenter","4","82241"
"Rosie","Gray","Female","18","r.gray@randatmail.com","Master","Actor","5","160508"
"Deanna","Wells","Female","30","d.wells@randatmail.com","Primary","Chemist","7","144556"
"Dexter","Gray","Male","29","d.gray@randatmail.com","Bachelor","Baker","14","57664"
"Andrew","Hunt","Male","21","a.hunt@randatmail.com","Upper secondary","Accountant","4","93543"
"Ellia","Chapman","Female","29","e.chapman@randatmail.com","Upper secondary","Botanist","4","115559"
"Daryl","Perkins","Male","20","d.perkins@randatmail.com","Bachelor","Auditor","6","151787"
"Amanda","Andrews","Female","23","a.andrews@randatmail.com","Master","Jeweller","6","87556"
"Brianna","Alexander","Female","20","b.alexander@randatmail.com","Upper secondary","Geologist","6","168152"
"Vivian","Douglas","Female","28","v.douglas@randatmail.com","Doctoral","Police Officer","9","193194"
"Rafael","Henderson","Male","23","r.henderson@randatmail.com","Doctoral","Baker","1","82413"
"Deanna","Stevens","Female","26","d.stevens@randatmail.com","Lower secondary","Chef","10","166393"
"Garry","Thomas","Male","20","g.thomas@randatmail.com","Lower secondary","Fine Artist","10","76258"
"Kristian","Kelley","Male","30","k.kelley@randatmail.com","Primary","Chef","14","31694"
"Lana","Turner","Female","22","l.turner@randatmail.com","Master","Police Officer","2","77511"
"Jared","Perry","Male","28","j.perry@randatmail.com","Lower secondary","Veterinarian","7","148232"
"Lana","Ellis","Female","22","l.ellis@randatmail.com","Primary","Composer","3","167486"
"Jacob","Carter","Male","30","j.carter@randatmail.com","Doctoral","Biochemist","7","98124"
"Oliver","Howard","Male","23","o.howard@randatmail.com","Doctoral","Police Officer","3","162620"
"Kelsey","Hall","Female","24","k.hall@randatmail.com","Master","Journalist","5","183224"
"Madaline","Turner","Female","22","m.turner@randatmail.com","Lower secondary","Cook","8","75167"
"James","Campbell","Male","19","j.campbell@randatmail.com","Upper secondary","Firefighter","6","112110"
"Cadie","Parker","Female","22","c.parker@randatmail.com","Doctoral","Agronomist","1","167823"
"Amanda","Hill","Female","25","a.hill@randatmail.com","Primary","Graphic Designer","10","89253"
"Kevin","Mitchell","Male","24","k.mitchell@randatmail.com","Primary","Social Worker","6","108866"
"Oliver","Cole","Male","23","o.cole@randatmail.com","Upper secondary","Social Worker","10","183550"
"Rubie","Moore","Female","22","r.moore@randatmail.com","Primary","Mechanic","0","160794"
"Ada","Mitchell","Female","26","a.mitchell@randatmail.com","Doctoral","Carpenter","13","188967"
"Elian","Cooper","Male","20","e.cooper@randatmail.com","Primary","Florist","8","136359"
"Alford","Ellis","Male","28","a.ellis@randatmail.com","Doctoral","Agronomist","10","75758"
"Victor","Parker","Male","19","v.parker@randatmail.com","Bachelor","Programmer","0","105065"
"Jack","Cooper","Male","21","j.cooper@randatmail.com","Doctoral","Composer","0","54104"
"Aiden","Cunningham","Male","23","a.cunningham@randatmail.com","Upper secondary","Geologist","7","153685"
"Adele","Hall","Female","22","a.hall@randatmail.com","Primary","Graphic Designer","9","58254"
"Evelyn","Riley","Female","19","e.riley@randatmail.com","Lower secondary","Fine Artist","6","42989"
"David","Bailey","Male","25","d.bailey@randatmail.com","Doctoral","Insurer","1","126159"
"Haris","Holmes","Male","23","h.holmes@randatmail.com","Doctoral","Physicist","0","119660"
"Rebecca","Farrell","Female","21","r.farrell@randatmail.com","Upper secondary","Interpreter","1","91322"
"Naomi","Morrison","Female","27","n.morrison@randatmail.com","Upper secondary","Producer","9","31446"
"Sabrina","Crawford","Female","24","s.crawford@randatmail.com","Master","Agronomist","12","165993"
"Kirsten","Williams","Female","20","k.williams@randatmail.com","Primary","Pharmacist","2","164875"
"Aida","Craig","Female","25","a.craig@randatmail.com","Primary","Interior Designer","2","148381"
"Ned","Elliott","Male","25","n.elliott@randatmail.com","Upper secondary","Aeroplane Pilot","6","192640"
"Arianna","Taylor","Female","18","a.taylor@randatmail.com","Bachelor","Mechanic","7","72625"
"Leonardo","Morgan","Male","23","l.morgan@randatmail.com","Master","Producer","0","186721"
"Leonardo","Hill","Male","24","l.hill@randatmail.com","Master","Actor","10","97023"
"Amy","Smith","Female","25","a.smith@randatmail.com","Master","Pharmacist","3","102636"
"Alberta","Allen","Female","23","a.allen@randatmail.com","Master","Salesman","11","158214"
"Abigail","Carroll","Female","25","a.carroll@randatmail.com","Lower secondary","Producer","7","190136"
"Fiona","Morrison","Female","25","f.morrison@randatmail.com","Primary","Actor","8","169698"
"Grace","Wright","Female","21","g.wright@randatmail.com","Master","Teacher","6","194873"
"Sabrina","Ross","Female","20","s.ross@randatmail.com","Bachelor","Programmer","10","194120"
"Andrew","Cole","Male","30","a.cole@randatmail.com","Master","Hairdresser","2","139069"
"Harold","Crawford","Male","23","h.crawford@randatmail.com","Doctoral","Producer","1","95050"
"Eleanor","Harrison","Female","23","e.harrison@randatmail.com","Upper secondary","Singer","4","124257"
"April","Baker","Female","27","a.baker@randatmail.com","Lower secondary","Agronomist","0","174506"
"Julian","Smith","Male","21","j.smith@randatmail.com","Master","Journalist","0","84751"
"Arnold","Craig","Male","19","a.craig@randatmail.com","Doctoral","Historian","9","180595"
"Carlos","Wells","Male","27","c.wells@randatmail.com","Doctoral","Archeologist","12","182539"
"Jared","Scott","Male","24","j.scott@randatmail.com","Master","Economist","7","115985"
"Michael","Sullivan","Male","23","m.sullivan@randatmail.com","Master","Carpenter","11","40994"
"Alberta","Stevens","Female","28","a.stevens@randatmail.com","Lower secondary","Dancer","2","34017"
"Lily","Foster","Female","30","l.foster@randatmail.com","Bachelor","Photographer","7","100306"
"Alberta","Harrison","Female","29","a.harrison@randatmail.com","Upper secondary","Geologist","12","86783"
"Gianna","Chapman","Female","28","g.chapman@randatmail.com","Master","Graphic Designer","7","112489"
"Alisa","Cooper","Female","29","a.cooper@randatmail.com","Bachelor","Engineer","0","185183"
"Vanessa","Craig","Female","20","v.craig@randatmail.com","Bachelor","Botanist","5","191474"
"John","Ryan","Male","30","j.ryan@randatmail.com","Primary","Mechanic","3","53917"
"Reid","Johnson","Male","30","r.johnson@randatmail.com","Doctoral","Producer","4","189196"
"Vincent","Armstrong","Male","20","v.armstrong@randatmail.com","Primary","Photographer","4","161714"
"Jessica","Riley","Female","22","j.riley@randatmail.com","Doctoral","Baker","0","79258"
"Patrick","Wright","Male","24","p.wright@randatmail.com","Bachelor","Actor","8","144495"
"Steven","Johnson","Male","25","s.johnson@randatmail.com","Primary","Police Officer","2","175927"
"Oliver","Thompson","Male","29","o.thompson@randatmail.com","Doctoral","Economist","2","155737"
"Martin","Elliott","Male","29","m.elliott@randatmail.com","Master","Singer","10","150028"
"Charlotte","West","Female","24","c.west@randatmail.com","Lower secondary","Scientist","7","89321"
"Paul","Barnes","Male","30","p.barnes@randatmail.com","Doctoral","Veterinarian","10","190291"
"Madaline","Thompson","Female","26","m.thompson@randatmail.com","Lower secondary","Cook","12","199931"
"Alfred","Brooks","Male","20","a.brooks@randatmail.com","Doctoral","Fashion Designer","6","161747"
"Darcy","Casey","Female","28","d.casey@randatmail.com","Lower secondary","Agronomist","10","64423"
"Madaline","Gibson","Female","23","m.gibson@randatmail.com","Upper secondary","Florist","2","68765"
"Maya","Perry","Female","30","m.perry@randatmail.com","Master","Programmer","1","193470"
"Violet","Allen","Female","23","v.allen@randatmail.com","Lower secondary","Programmer","6","125391"
"Jessica","Mason","Female","30","j.mason@randatmail.com","Bachelor","Producer","11","88323"
"Darcy","Rogers","Female","20","d.rogers@randatmail.com","Upper secondary","Engineer","7","79846"
"Dominik","Stewart","Male","19","d.stewart@randatmail.com","Upper secondary","Composer","1","150454"
"Kelvin","Nelson","Male","18","k.nelson@randatmail.com","Lower secondary","Pharmacist","0","53537"
"April","Foster","Female","26","a.foster@randatmail.com","Primary","Architect","10","41498"
"Cherry","Wells","Female","23","c.wells@randatmail.com","Bachelor","Medic","1","190503"
"Patrick","Crawford","Male","26","p.crawford@randatmail.com","Master","Driver","6","31506"
"Amanda","Thompson","Female","25","a.thompson@randatmail.com","Upper secondary","Florist","5","83727"
"Abraham","Montgomery","Male","26","a.montgomery@randatmail.com","Bachelor","Graphic Designer","0","81192"
"Jared","Morgan","Male","24","j.morgan@randatmail.com","Lower secondary","Driver","12","79030"
"Vivian","Alexander","Female","20","v.alexander@randatmail.com","Primary","Astronomer","0","174731"
"Cadie","Barnes","Female","28","c.barnes@randatmail.com","Doctoral","Interior Designer","5","88874"
"Alina","Foster","Female","26","a.foster@randatmail.com","Upper secondary","Manager","4","183676"
"Daniel","Evans","Male","28","d.evans@randatmail.com","Upper secondary","Agronomist","10","66879"
"Kelsey","Johnston","Female","26","k.johnston@randatmail.com","Upper secondary","Scientist","3","160005"
"Emily","Chapman","Female","30","e.chapman@randatmail.com","Primary","Hairdresser","2","118825"
"Frederick","Cole","Male","29","f.cole@randatmail.com","Master","Economist","1","58795"
"Alexander","Wright","Male","27","a.wright@randatmail.com","Primary","Astronomer","9","76673"
"Abraham","Howard","Male","21","a.howard@randatmail.com","Lower secondary","Teacher","6","32496"
"Jordan","Holmes","Male","20","j.holmes@randatmail.com","Primary","Composer","3","175241"
"Spike","Douglas","Male","24","s.douglas@randatmail.com","Bachelor","Cook","2","187901"
"Charlie","Hamilton","Male","18","c.hamilton@randatmail.com","Upper secondary","Florist","9","96258"
"Victor","Harrison","Male","25","v.harrison@randatmail.com","Bachelor","Salesman","2","37262"
"Roland","Morrison","Male","30","r.morrison@randatmail.com","Primary","Botanist","7","185742"
"Isabella","Fowler","Female","22","i.fowler@randatmail.com","Doctoral","Lawer","5","111908"
"James","Murray","Male","21","j.murray@randatmail.com","Upper secondary","Physicist","6","67848"
"Byron","Spencer","Male","21","b.spencer@randatmail.com","Lower secondary","Graphic Designer","6","38218"
"William","Howard","Male","18","w.howard@randatmail.com","Upper secondary","Fashion Designer","4","110836"
"Aiden","Thompson","Male","30","a.thompson@randatmail.com","Master","Hairdresser","3","167266"
"Lydia","Wright","Female","29","l.wright@randatmail.com","Lower secondary","Photographer","7","109624"
"Eric","Howard","Male","26","e.howard@randatmail.com","Upper secondary","Astronomer","3","97832"
"Annabella","Ross","Female","18","a.ross@randatmail.com","Upper secondary","Lecturer","8","39196"
"Freddie","Clark","Male","26","f.clark@randatmail.com","Master","Lecturer","3","184706"
"Aston","Riley","Male","21","a.riley@randatmail.com","Bachelor","Actor","7","84733"
"Sienna","Baker","Female","25","s.baker@randatmail.com","Upper secondary","Auditor","5","111468"
"Samantha","Nelson","Female","23","s.nelson@randatmail.com","Master","Veterinarian","9","34172"
"Aldus","West","Male","29","a.west@randatmail.com","Lower secondary","Pharmacist","11","41037"
"Jack","Harrison","Male","21","j.harrison@randatmail.com","Master","Botanist","5","158464"
"Sienna","Bennett","Female","18","s.bennett@randatmail.com","Upper secondary","Journalist","4","189702"
"Ashton","Morris","Male","22","a.morris@randatmail.com","Upper secondary","Engineer","7","90108"
"Mike","Brown","Male","30","m.brown@randatmail.com","Upper secondary","Social Worker","12","97941"
"Adele","Moore","Female","30","a.moore@randatmail.com","Lower secondary","Composer","4","99418"
"Adele","Grant","Female","29","a.grant@randatmail.com","Doctoral","Auditor","14","198501"
"Alfred","Hill","Male","27","a.hill@randatmail.com","Doctoral","Fashion Designer","7","153720"
"Wilson","Morrison","Male","23","w.morrison@randatmail.com","Upper secondary","Mechanic","1","199806"
"Alina","Gibson","Female","19","a.gibson@randatmail.com","Primary","Teacher","5","183406"
"April","Thompson","Female","30","a.thompson@randatmail.com","Upper secondary","Physicist","14","93275"
"Catherine","Watson","Female","26","c.watson@randatmail.com","Doctoral","Social Worker","11","39113"
"Dale","Baker","Male","20","d.baker@randatmail.com","Lower secondary","Composer","7","185787"
"Agata","Harris","Female","25","a.harris@randatmail.com","Master","Aeroplane Pilot","12","75827"
"Marcus","Turner","Male","19","m.turner@randatmail.com","Doctoral","Meteorologist","4","155554"
"Ned","Andrews","Male","30","n.andrews@randatmail.com","Doctoral","Botanist","11","111951"
"Owen","Hamilton","Male","27","o.hamilton@randatmail.com","Doctoral","Producer","10","103275"
"Sawyer","Craig","Male","26","s.craig@randatmail.com","Bachelor","Accountant","5","56919"
"Alissa","Davis","Female","19","a.davis@randatmail.com","Lower secondary","Botanist","4","131005"
"Anna","Robinson","Female","21","a.robinson@randatmail.com","Primary","Architect","3","132592"
"Alen","Miller","Male","19","a.miller@randatmail.com","Upper secondary","Chemist","1","124498"
"Daniel","Johnson","Male","19","d.johnson@randatmail.com","Lower secondary","Scientist","6","68732"
"Hailey","Smith","Female","20","h.smith@randatmail.com","Upper secondary","Graphic Designer","6","140554"
"Oscar","Williams","Male","19","o.williams@randatmail.com","Lower secondary","Police Officer","9","113082"
"Violet","Watson","Female","30","v.watson@randatmail.com","Upper secondary","Mathematician","0","123317"
"Tiana","Holmes","Female","26","t.holmes@randatmail.com","Lower secondary","Fine Artist","12","152808"
"Anna","Cameron","Female","30","a.cameron@randatmail.com","Bachelor","Botanist","0","103891"
"Kristian","Stevens","Male","26","k.stevens@randatmail.com","Bachelor","Journalist","6","151812"
"Chloe","Alexander","Female","27","c.alexander@randatmail.com","Doctoral","Teacher","5","62200"
"Rosie","Higgins","Female","28","r.higgins@randatmail.com","Doctoral","Electrician","2","105958"
"Emily","Foster","Female","25","e.foster@randatmail.com","Primary","Lawer","2","36773"
"Robert","Smith","Male","20","r.smith@randatmail.com","Master","Engineer","9","151866"
"Alford","Russell","Male","24","a.russell@randatmail.com","Master","Architect","9","164517"
"Aston","Scott","Male","19","a.scott@randatmail.com","Bachelor","Firefighter","6","147341"
"Edith","Davis","Female","28","e.davis@randatmail.com","Bachelor","Salesman","6","182578"
"Arthur","Campbell","Male","30","a.campbell@randatmail.com","Bachelor","Producer","5","65078"
"Derek","Rogers","Male","27","d.rogers@randatmail.com","Lower secondary","Electrician","6","190366"
"Evelyn","Armstrong","Female","24","e.armstrong@randatmail.com","Master","Photographer","11","112214"
"Rebecca","Holmes","Female","20","r.holmes@randatmail.com","Primary","Pharmacist","8","158425"
"Lily","Brooks","Female","21","l.brooks@randatmail.com","Primary","Aeroplane Pilot","3","96449"
"Paige","Watson","Female","26","p.watson@randatmail.com","Lower secondary","Scientist","2","75480"
"Briony","Morgan","Female","22","b.morgan@randatmail.com","Upper secondary","Historian","1","138282"
"Robert","Wilson","Male","27","r.wilson@randatmail.com","Bachelor","Manager","13","140016"
"Kate","Brown","Female","20","k.brown@randatmail.com","Lower secondary","Actor","8","96246"
"Ryan","Mitchell","Male","26","r.mitchell@randatmail.com","Doctoral","Photographer","5","123577"
"Kirsten","Rogers","Female","25","k.rogers@randatmail.com","Lower secondary","Lawer","2","75764"
"Arianna","Mitchell","Female","24","a.mitchell@randatmail.com","Primary","Fashion Designer","10","115480"
"Camila","Nelson","Female","29","c.nelson@randatmail.com","Doctoral","Singer","14","157984"
"Grace","Elliott","Female","29","g.elliott@randatmail.com","Upper secondary","Botanist","3","131346"
"Adrianna","Murray","Female","25","a.murray@randatmail.com","Bachelor","Agronomist","3","164872"
"Tony","Brown","Male","28","t.brown@randatmail.com","Master","Singer","8","140492"
"Chloe","Anderson","Female","29","c.anderson@randatmail.com","Doctoral","Graphic Designer","4","99248"
"Miranda","Murphy","Female","24","m.murphy@randatmail.com","Master","Singer","7","57814"
"Alina","Carroll","Female","27","a.carroll@randatmail.com","Primary","Mechanic","11","138878"
"Stuart","Smith","Male","22","s.smith@randatmail.com","Master","Salesman","11","163627"
"Myra","Phillips","Female","28","m.phillips@randatmail.com","Primary","Jeweller","1","151116"
"Chelsea","Carroll","Female","23","c.carroll@randatmail.com","Master","Firefighter","9","105801"
"Jared","Cameron","Male","22","j.cameron@randatmail.com","Lower secondary","Historian","2","108895"
"Briony","West","Female","19","b.west@randatmail.com","Upper secondary","Chemist","5","154815"
"Abigail","Myers","Female","22","a.myers@randatmail.com","Master","Firefighter","1","71528"
"Dainton","Holmes","Male","29","d.holmes@randatmail.com","Primary","Police Officer","9","126286"
"Lydia","Roberts","Female","25","l.roberts@randatmail.com","Master","Producer","7","69072"
"David","Warren","Male","20","d.warren@randatmail.com","Master","Lecturer","9","153969"
"Adison","Murphy","Male","30","a.murphy@randatmail.com","Lower secondary","Manager","11","79452"
"Natalie","Myers","Female","27","n.myers@randatmail.com","Primary","Photographer","11","128841"
"Reid","Elliott","Male","21","r.elliott@randatmail.com","Master","Electrician","5","192899"
"Emily","Cole","Female","24","e.cole@randatmail.com","Upper secondary","Engineer","12","117136"
"Cherry","Stevens","Female","25","c.stevens@randatmail.com","Lower secondary","Chemist","12","87293"
"Abigail","Thomas","Female","28","a.thomas@randatmail.com","Lower secondary","Physicist","7","50071"
"Sophia","Hill","Female","22","s.hill@randatmail.com","Upper secondary","Journalist","11","158058"
"Vivian","Casey","Female","28","v.casey@randatmail.com","Upper secondary","Physicist","5","168023"
"Jenna","Harper","Female","19","j.harper@randatmail.com","Bachelor","Photographer","6","185025"
"Sienna","Armstrong","Female","28","s.armstrong@randatmail.com","Bachelor","Mathematician","13","128541"
"Oliver","Armstrong","Male","18","o.armstrong@randatmail.com","Primary","Manager","4","116187"
"Alfred","Ross","Male","26","a.ross@randatmail.com","Primary","Electrician","0","121530"
"George","Scott","Male","21","g.scott@randatmail.com","Bachelor","Scientist","0","133525"
"Kate","Morrison","Female","30","k.morrison@randatmail.com","Upper secondary","Physicist","10","37873"
"Abraham","Roberts","Male","28","a.roberts@randatmail.com","Upper secondary","Jeweller","13","66438"
"Julian","Moore","Male","26","j.moore@randatmail.com","Lower secondary","Historian","4","161290"
"Adele","Miller","Female","26","a.miller@randatmail.com","Doctoral","Carpenter","10","72891"
"Belinda","Harrison","Female","27","b.harrison@randatmail.com","Primary","Insurer","9","186241"
"Aiden","Ross","Male","25","a.ross@randatmail.com","Bachelor","Architect","7","89219"
"Dominik","Richardson","Male","28","d.richardson@randatmail.com","Upper secondary","Meteorologist","3","40528"
"Antony","Sullivan","Male","24","a.sullivan@randatmail.com","Master","Mechanic","5","144529"
"Stuart","Campbell","Male","18","s.campbell@randatmail.com","Master","Archeologist","2","97179"
"Charlie","Craig","Male","25","c.craig@randatmail.com","Lower secondary","Auditor","10","144840"
"Isabella","Riley","Female","24","i.riley@randatmail.com","Doctoral","Teacher","6","155926"
"Freddie","Russell","Male","21","f.russell@randatmail.com","Bachelor","Scientist","4","181306"
"Adele","Baker","Female","24","a.baker@randatmail.com","Bachelor","Police Officer","1","41056"
"Adison","Evans","Male","25","a.evans@randatmail.com","Primary","Journalist","6","130967"
"Kelvin","Scott","Male","22","k.scott@randatmail.com","Upper secondary","Baker","10","66850"
"Steven","Tucker","Male","18","s.tucker@randatmail.com","Lower secondary","Meteorologist","0","173681"
"Agata","Bailey","Female","22","a.bailey@randatmail.com","Upper secondary","Physicist","1","35380"
"Adrian","Edwards","Male","27","a.edwards@randatmail.com","Master","Photographer","12","132203"
"Camila","Morris","Female","20","c.morris@randatmail.com","Upper secondary","Actor","2","30718"
"Hailey","Owens","Female","24","h.owens@randatmail.com","Doctoral","Archeologist","8","73874"
"Alen","Alexander","Male","19","a.alexander@randatmail.com","Primary","Astronomer","0","144250"
"Edward","Brooks","Male","19","e.brooks@randatmail.com","Bachelor","Pharmacist","3","93308"
"Frederick","Payne","Male","26","f.payne@randatmail.com","Primary","Pharmacist","3","185924"
"Natalie","Reed","Female","28","n.reed@randatmail.com","Lower secondary","Interior Designer","9","139464"
"Vanessa","Wright","Female","18","v.wright@randatmail.com","Primary","Florist","6","69732"
"Lana","Rogers","Female","29","l.rogers@randatmail.com","Master","Jeweller","13","191506"
"Dale","Hamilton","Male","23","d.hamilton@randatmail.com","Master","Graphic Designer","10","90402"
"Harold","Spencer","Male","25","h.spencer@randatmail.com","Upper secondary","Carpenter","12","99825"
"Lilianna","Spencer","Female","23","l.spencer@randatmail.com","Primary","Hairdresser","10","152896"
"Tiana","Williams","Female","20","t.williams@randatmail.com","Primary","Interpreter","9","55379"
"Elise","Lloyd","Female","30","e.lloyd@randatmail.com","Upper secondary","Police Officer","14","94364"
"Mike","Roberts","Male","30","m.roberts@randatmail.com","Upper secondary","Graphic Designer","2","58541"
"Thomas","Wells","Male","19","t.wells@randatmail.com","Upper secondary","Driver","2","159443"
"Richard","Myers","Male","19","r.myers@randatmail.com","Upper secondary","Fine Artist","9","70901"
"Lily","Perry","Female","20","l.perry@randatmail.com","Doctoral","Botanist","4","127871"
"Paul","Thomas","Male","24","p.thomas@randatmail.com","Primary","Social Worker","12","175772"
"Ryan","Ryan","Male","29","r.ryan@randatmail.com","Bachelor","Interpreter","11","113098"
"David","Mitchell","Male","27","d.mitchell@randatmail.com","Bachelor","Photographer","0","170218"
"Ted","Myers","Male","20","t.myers@randatmail.com","Doctoral","Veterinarian","4","121478"
"Arnold","Tucker","Male","20","a.tucker@randatmail.com","Doctoral","Botanist","3","128482"
"Ada","Alexander","Female","21","a.alexander@randatmail.com","Master","Lawer","0","130249"
"Harold","West","Male","27","h.west@randatmail.com","Primary","Actor","12","93600"
"Vanessa","Baker","Female","22","v.baker@randatmail.com","Master","Cook","0","164520"
"Michelle","Barnes","Female","25","m.barnes@randatmail.com","Upper secondary","Biochemist","8","67016"
"Alan","Brown","Male","30","a.brown@randatmail.com","Upper secondary","Insurer","15","74495"
"Violet","Higgins","Female","27","v.higgins@randatmail.com","Doctoral","Baker","7","138854"
"Adele","Hamilton","Female","21","a.hamilton@randatmail.com","Primary","Manager","1","89581"
"Patrick","Hamilton","Male","20","p.hamilton@randatmail.com","Upper secondary","Manager","2","68729"
"Savana","Richardson","Female","22","s.richardson@randatmail.com","Master","Meteorologist","4","58992"
"Elian","Owens","Male","19","e.owens@randatmail.com","Lower secondary","Economist","4","88222"
"Ashton","Williams","Male","20","a.williams@randatmail.com","Bachelor","Programmer","3","68321"
"Vivian","Thompson","Female","26","v.thompson@randatmail.com","Doctoral","Social Worker","13","171399"
"Vincent","Henderson","Male","19","v.henderson@randatmail.com","Master","Baker","6","163480"
"Richard","Harris","Male","21","r.harris@randatmail.com","Master","Carpenter","0","35406"
"Robert","Riley","Male","24","r.riley@randatmail.com","Master","Florist","6","31819"
"Freddie","Payne","Male","21","f.payne@randatmail.com","Lower secondary","Astronomer","6","118617"
"Daniel","Henderson","Male","26","d.henderson@randatmail.com","Doctoral","Lecturer","13","175599"
"Ada","Payne","Female","19","a.payne@randatmail.com","Doctoral","Archeologist","4","158930"
"Anna","Stevens","Female","29","a.stevens@randatmail.com","Upper secondary","Pharmacist","14","135838"
"Tess","Smith","Female","24","t.smith@randatmail.com","Primary","Scientist","4","199576"
"Jack","Kelley","Male","25","j.kelley@randatmail.com","Primary","Archeologist","5","68444"
"Roland","Walker","Male","21","r.walker@randatmail.com","Bachelor","Insurer","7","79332"
"Marcus","Riley","Male","21","m.riley@randatmail.com","Lower secondary","Auditor","6","129976"
"Albert","Ellis","Male","25","a.ellis@randatmail.com","Doctoral","Geologist","10","140333"
"Dexter","Farrell","Male","29","d.farrell@randatmail.com","Doctoral","Electrician","5","155961"
"Aldus","Davis","Male","20","a.davis@randatmail.com","Lower secondary","Auditor","3","88500"
"Ned","Brown","Male","21","n.brown@randatmail.com","Primary","Geologist","7","169228"
"Frederick","Carter","Male","27","f.carter@randatmail.com","Upper secondary","Carpenter","5","189470"
"Alfred","Bennett","Male","23","a.bennett@randatmail.com","Upper secondary","Graphic Designer","2","37718"
"Chester","Riley","Male","21","c.riley@randatmail.com","Master","Baker","8","188251"
"Anna","Elliott","Female","21","a.elliott@randatmail.com","Doctoral","Teacher","8","118900"
"Madaline","Hamilton","Female","18","m.hamilton@randatmail.com","Master","Aeroplane Pilot","7","59357"
"Catherine","Edwards","Female","22","c.edwards@randatmail.com","Upper secondary","Chemist","1","43914"
"Melissa","Perkins","Female","29","m.perkins@randatmail.com","Master","Firefighter","14","195213"
"Brianna","Johnson","Female","25","b.johnson@randatmail.com","Upper secondary","Photographer","8","125516"
"Paul","Hunt","Male","21","p.hunt@randatmail.com","Doctoral","Insurer","7","156281"
"Sam","Robinson","Male","27","s.robinson@randatmail.com","Primary","Botanist","10","39661"
"Kristian","Wilson","Male","24","k.wilson@randatmail.com","Doctoral","Journalist","5","196779"
"Penelope","Perkins","Female","20","p.perkins@randatmail.com","Bachelor","Police Officer","3","95677"
"Vincent","Fowler","Male","24","v.fowler@randatmail.com","Primary","Agronomist","0","137889"
"Lucia","Martin","Female","29","l.martin@randatmail.com","Master","Actor","8","187054"
"Adrian","Wright","Male","28","a.wright@randatmail.com","Lower secondary","Manager","9","38158"
"Tyler","Evans","Male","26","t.evans@randatmail.com","Bachelor","Salesman","13","70306"
"Kelsey","Morris","Female","26","k.morris@randatmail.com","Master","Dancer","1","160153"
"Miranda","Wells","Female","18","m.wells@randatmail.com","Upper secondary","Mechanic","2","166133"
"Roland","Gray","Male","28","r.gray@randatmail.com","Primary","Botanist","11","44423"
"Harold","Bennett","Male","26","h.bennett@randatmail.com","Bachelor","Biochemist","4","90483"
"Tess","Carter","Female","18","t.carter@randatmail.com","Primary","Chemist","4","126084"
"Cherry","Ellis","Female","20","c.ellis@randatmail.com","Master","Botanist","8","164162"
"James","Spencer","Male","29","j.spencer@randatmail.com","Doctoral","Astronomer","12","66715"
"Julian","Hamilton","Male","29","j.hamilton@randatmail.com","Lower secondary","Archeologist","12","140071"
"Stella","Stevens","Female","25","s.stevens@randatmail.com","Lower secondary","Driver","11","104785"
"Gianna","Crawford","Female","21","g.crawford@randatmail.com","Doctoral","Fine Artist","0","143149"
"Dainton","Bennett","Male","28","d.bennett@randatmail.com","Doctoral","Lecturer","6","138790"
"Samantha","Mitchell","Female","21","s.mitchell@randatmail.com","Upper secondary","Lawer","4","101541"
"Jordan","Perry","Male","19","j.perry@randatmail.com","Primary","Astronomer","6","169452"
"Jasmine","Bennett","Female","29","j.bennett@randatmail.com","Lower secondary","Electrician","13","106611"
"Amy","Hall","Female","18","a.hall@randatmail.com","Master","Historian","0","160733"
"Ned","Wells","Male","26","n.wells@randatmail.com","Upper secondary","Scientist","9","152158"
"Mary","Harris","Female","21","m.harris@randatmail.com","Upper secondary","Fashion Designer","1","89324"
"James","Brown","Male","22","j.brown@randatmail.com","Primary","Firefighter","11","164399"
"Mary","Farrell","Female","28","m.farrell@randatmail.com","Doctoral","Jeweller","5","129314"
"Eric","Murray","Male","20","e.murray@randatmail.com","Master","Florist","9","170668"
"Sarah","Hawkins","Female","24","s.hawkins@randatmail.com","Upper secondary","Agronomist","8","193209"
"Adrianna","Ferguson","Female","18","a.ferguson@randatmail.com","Doctoral","Lawer","4","163845"
"Stella","Mitchell","Female","28","s.mitchell@randatmail.com","Bachelor","Actor","10","144465"
"Tess","Thompson","Female","18","t.thompson@randatmail.com","Doctoral","Mechanic","7","82949"
